Con_StORF_Full_Header,Overlapping_StORF_Full_Headers
NC_003197.2_UR_2826919_2839172_Con-StORF_3:2835206-2836174;UR=NC_003197.2_UR_2826919_2839172;UR_Stop_Locations=8289-8865-9261;Length=972;Strand=-;Frame=5;UR_Frame=5;Start_Stop=TGA;End_Stop=TAA;StORF_Type=Con-StORF,NC_003197.2_UR_2826919_2839172_StORF_6:2827580-2839057;UR=NC_003197.2_UR_2826919_2839172;UR_Stop_Locations=657-12138;Length=11481;Strand=+;Frame=2;UR_Frame=1;Start_Stop=TGA;End_Stop=TGA;StORF_Type=StORF
NC_003197.2_UR_2826919_2839172_Con-StORF_10:2828927-2829739;UR=NC_003197.2_UR_2826919_2839172;UR_Stop_Locations=2010-2361-2826;Length=816;Strand=-;Frame=5;UR_Frame=5;Start_Stop=TGA;End_Stop=TAA;StORF_Type=Con-StORF,NC_003197.2_UR_2826919_2839172_StORF_6:2827580-2839057;UR=NC_003197.2_UR_2826919_2839172;UR_Stop_Locations=657-12138;Length=11481;Strand=+;Frame=2;UR_Frame=1;Start_Stop=TGA;End_Stop=TGA;StORF_Type=StORF
NC_003197.2_UR_2826919_2839172_Con-StORF_11:2827774-2828475;UR=NC_003197.2_UR_2826919_2839172;UR_Stop_Locations=857-1106-1562;Length=705;Strand=-;Frame=4;UR_Frame=6;Start_Stop=TGA;End_Stop=TAA;StORF_Type=Con-StORF,NC_003197.2_UR_2826919_2839172_StORF_6:2827580-2839057;UR=NC_003197.2_UR_2826919_2839172;UR_Stop_Locations=657-12138;Length=11481;Strand=+;Frame=2;UR_Frame=1;Start_Stop=TGA;End_Stop=TGA;StORF_Type=StORF
NC_003197.2_UR_2826919_2839172_Con-StORF_0:2837399-2838025;UR=NC_003197.2_UR_2826919_2839172;UR_Stop_Locations=10482-10587-11112;Length=630;Strand=-;Frame=5;UR_Frame=5;Start_Stop=TAG;End_Stop=TGA;StORF_Type=Con-StORF,NC_003197.2_UR_2826919_2839172_StORF_6:2827580-2839057;UR=NC_003197.2_UR_2826919_2839172;UR_Stop_Locations=657-12138;Length=11481;Strand=+;Frame=2;UR_Frame=1;Start_Stop=TGA;End_Stop=TGA;StORF_Type=StORF
NC_003197.2_UR_2826919_2839172_Con-StORF_4:2834684-2835184;UR=NC_003197.2_UR_2826919_2839172;UR_Stop_Locations=7767-7950-8271;Length=504;Strand=-;Frame=5;UR_Frame=5;Start_Stop=TAA;End_Stop=TGA;StORF_Type=Con-StORF,NC_003197.2_UR_2826919_2839172_StORF_6:2827580-2839057;UR=NC_003197.2_UR_2826919_2839172;UR_Stop_Locations=657-12138;Length=11481;Strand=+;Frame=2;UR_Frame=1;Start_Stop=TGA;End_Stop=TGA;StORF_Type=StORF
NC_003197.2_UR_2826919_2839172_Con-StORF_9:2831516-2831884;UR=NC_003197.2_UR_2826919_2839172;UR_Stop_Locations=4599-4713-4971;Length=372;Strand=-;Frame=5;UR_Frame=5;Start_Stop=TGA;End_Stop=TAA;StORF_Type=Con-StORF,NC_003197.2_UR_2826919_2839172_StORF_6:2827580-2839057;UR=NC_003197.2_UR_2826919_2839172;UR_Stop_Locations=657-12138;Length=11481;Strand=+;Frame=2;UR_Frame=1;Start_Stop=TGA;End_Stop=TGA;StORF_Type=StORF
NC_003197.2_UR_2826919_2839172_Con-StORF_8:2832998-2833468;UR=NC_003197.2_UR_2826919_2839172;UR_Stop_Locations=6081-6267-6555;Length=0;Strand=-;Frame=5;UR_Frame=5;Start_Stop=;End_Stop=;StORF_Type=Con-StORF,NC_003197.2_UR_2826919_2839172_StORF_6:2827580-2839057;UR=NC_003197.2_UR_2826919_2839172;UR_Stop_Locations=657-12138;Length=11481;Strand=+;Frame=2;UR_Frame=1;Start_Stop=TGA;End_Stop=TGA;StORF_Type=StORF
NC_003197.2_UR_2826919_2839172_Con-StORF_6:2833622-2834413;UR=NC_003197.2_UR_2826919_2839172;UR_Stop_Locations=6705-6879-7500;Length=0;Strand=-;Frame=5;UR_Frame=5;Start_Stop=;End_Stop=;StORF_Type=Con-StORF,NC_003197.2_UR_2826919_2839172_StORF_6:2827580-2839057;UR=NC_003197.2_UR_2826919_2839172;UR_Stop_Locations=657-12138;Length=11481;Strand=+;Frame=2;UR_Frame=1;Start_Stop=TGA;End_Stop=TGA;StORF_Type=StORF
NC_003197.2_UR_2826919_2839172_Con-StORF_2:2836202-2836822;UR=NC_003197.2_UR_2826919_2839172;UR_Stop_Locations=9285-9468-9909;Length=0;Strand=-;Frame=5;UR_Frame=5;Start_Stop=;End_Stop=;StORF_Type=Con-StORF,NC_003197.2_UR_2826919_2839172_StORF_6:2827580-2839057;UR=NC_003197.2_UR_2826919_2839172;UR_Stop_Locations=657-12138;Length=11481;Strand=+;Frame=2;UR_Frame=1;Start_Stop=TGA;End_Stop=TGA;StORF_Type=StORF
NC_003197.2_UR_1628770_1630448_Con-StORF_3:1629042-1629644;UR=NC_003197.2_UR_1628770_1630448;UR_Stop_Locations=274-463-880;Length=947;Strand=-;Frame=6;UR_Frame=4;Start_Stop=GTA;End_Stop=TGA;StORF_Type=Con-StORF,NC_003197.2_UR_1628770_1630448_StORF_14:1629228-1629644;UR=NC_003197.2_UR_1628770_1630448;UR_Stop_Locations=460-880;Length=420;Strand=-;Frame=6;UR_Frame=4;Start_Stop=TAA;End_Stop=TAA;StORF_Type=StORF -> NC_003197.2_UR_1628770_1630448_StORF_16:1628813-1629061;UR=NC_003197.2_UR_1628770_1630448;UR_Stop_Locations=45-297;Length=252;Strand=-;Frame=5;UR_Frame=5;Start_Stop=TGA;End_Stop=TAA;StORF_Type=StORF
NC_003197.2_UR_2796188_2802169_Con-StORF_1:2797345-2797917;UR=NC_003197.2_UR_2796188_2802169;UR_Stop_Locations=1153-1609-1729;Length=936;Strand=+;Frame=1;UR_Frame=2;Start_Stop=TGA;End_Stop=TGA;StORF_Type=Con-StORF,NC_003197.2_UR_2796188_2802169_StORF_5:2797345-2797800;UR=NC_003197.2_UR_2796188_2802169;UR_Stop_Locations=1153-1612;Length=459;Strand=+;Frame=1;UR_Frame=2;Start_Stop=TAA;End_Stop=TGA;StORF_Type=StORF -> NC_003197.2_UR_2796188_2802169_StORF_7:2797814-2798080;UR=NC_003197.2_UR_2796188_2802169;UR_Stop_Locations=1622-1892;Length=270;Strand=+;Frame=2;UR_Frame=3;Start_Stop=TAA;End_Stop=TGA;StORF_Type=StORF
NC_003197.2_UR_2796188_2802169_Con-StORF_3:2801180-2801647;UR=NC_003197.2_UR_2796188_2802169;UR_Stop_Locations=4988-5249-5459;Length=471;Strand=+;Frame=2;UR_Frame=3;Start_Stop=TAA;End_Stop=TGA;StORF_Type=Con-StORF,NC_003197.2_UR_2796188_2802169_StORF_28:2801180-2801440;UR=NC_003197.2_UR_2796188_2802169;UR_Stop_Locations=4988-5252;Length=264;Strand=+;Frame=2;UR_Frame=3;Start_Stop=TAA;End_Stop=TGA;StORF_Type=StORF -> NC_003197.2_UR_2796188_2802169_StORF_30:2801496-2801753;UR=NC_003197.2_UR_2796188_2802169;UR_Stop_Locations=5304-5565;Length=261;Strand=+;Frame=3;UR_Frame=1;Start_Stop=TAG;End_Stop=TAA;StORF_Type=StORF
NC_003197.2_UR_2796188_2802169_Con-StORF_10:2796942-2797271;UR=NC_003197.2_UR_2796188_2802169;UR_Stop_Locations=756-951-1089;Length=333;Strand=-;Frame=6;UR_Frame=6;Start_Stop=TGA;End_Stop=TAG;StORF_Type=Con-StORF,NC_003197.2_UR_2796188_2802169_StORF_4:2796985-2797344;UR=NC_003197.2_UR_2796188_2802169;UR_Stop_Locations=793-1156;Length=363;Strand=+;Frame=1;UR_Frame=2;Start_Stop=TGA;End_Stop=TAA;StORF_Type=StORF -> NC_003197.2_UR_2796188_2802169_StORF_3:2796785-2797012;UR=NC_003197.2_UR_2796188_2802169;UR_Stop_Locations=593-824;Length=231;Strand=+;Frame=2;UR_Frame=3;Start_Stop=TAG;End_Stop=TAG;StORF_Type=StORF
NC_003197.2_UR_2796188_2802169_Con-StORF_2:2800221-2800529;UR=NC_003197.2_UR_2796188_2802169;UR_Stop_Locations=4029-4239-4341;Length=312;Strand=+;Frame=3;UR_Frame=1;Start_Stop=TAA;End_Stop=TAA;StORF_Type=Con-StORF,NC_003197.2_UR_2796188_2802169_StORF_45:2800222-2800704;UR=NC_003197.2_UR_2796188_2802169;UR_Stop_Locations=4036-4522;Length=486;Strand=-;Frame=4;UR_Frame=5;Start_Stop=TAA;End_Stop=TAG;StORF_Type=StORF
NC_003197.2_UR_2796188_2802169_Con-StORF_5:2800791-2801090;UR=NC_003197.2_UR_2796188_2802169;UR_Stop_Locations=4605-4728-4908;Length=303;Strand=-;Frame=6;UR_Frame=6;Start_Stop=TAA;End_Stop=TAA;StORF_Type=Con-StORF,NC_003197.2_UR_2796188_2802169_StORF_26:2800795-2801103;UR=NC_003197.2_UR_2796188_2802169;UR_Stop_Locations=4603-4915;Length=312;Strand=+;Frame=1;UR_Frame=2;Start_Stop=TAA;End_Stop=TAA;StORF_Type=StORF
NC_003197.2_UR_2796188_2802169_Con-StORF_7:2799011-2799301;UR=NC_003197.2_UR_2796188_2802169;UR_Stop_Locations=2825-2927-3119;Length=294;Strand=-;Frame=5;UR_Frame=4;Start_Stop=TGA;End_Stop=TAA;StORF_Type=Con-StORF,NC_003197.2_UR_2796188_2802169_StORF_15:2799026-2799544;UR=NC_003197.2_UR_2796188_2802169;UR_Stop_Locations=2834-3356;Length=522;Strand=+;Frame=2;UR_Frame=3;Start_Stop=TAA;End_Stop=TGA;StORF_Type=StORF
NC_003197.2_UR_2796188_2802169_Con-StORF_6:2799329-2799607;UR=NC_003197.2_UR_2796188_2802169;UR_Stop_Locations=3143-3290-3425;Length=282;Strand=-;Frame=5;UR_Frame=4;Start_Stop=TGA;End_Stop=TGA;StORF_Type=Con-StORF,NC_003197.2_UR_2796188_2802169_StORF_15:2799026-2799544;UR=NC_003197.2_UR_2796188_2802169;UR_Stop_Locations=2834-3356;Length=522;Strand=+;Frame=2;UR_Frame=3;Start_Stop=TAA;End_Stop=TGA;StORF_Type=StORF
NC_003197.2_UR_2796188_2802169_Con-StORF_8:2798324-2798566;UR=NC_003197.2_UR_2796188_2802169;UR_Stop_Locations=2138-2264-2384;Length=246;Strand=-;Frame=5;UR_Frame=4;Start_Stop=TAG;End_Stop=TGA;StORF_Type=Con-StORF,NC_003197.2_UR_2796188_2802169_StORF_11:2798316-2798588;UR=NC_003197.2_UR_2796188_2802169;UR_Stop_Locations=2124-2400;Length=276;Strand=+;Frame=3;UR_Frame=1;Start_Stop=TAG;End_Stop=TGA;StORF_Type=StORF
NC_003197.2_UR_3565800_3572539_Con-StORF_1:3567673-3568245;UR=NC_003197.2_UR_3565800_3572539;UR_Stop_Locations=1869-2325-2445;Length=936;Strand=+;Frame=1;UR_Frame=1;Start_Stop=TGA;End_Stop=TGA;StORF_Type=Con-StORF,NC_003197.2_UR_3565800_3572539_StORF_9:3567673-3568128;UR=NC_003197.2_UR_3565800_3572539;UR_Stop_Locations=1869-2328;Length=459;Strand=+;Frame=1;UR_Frame=1;Start_Stop=TAA;End_Stop=TGA;StORF_Type=StORF -> NC_003197.2_UR_3565800_3572539_StORF_11:3568142-3568408;UR=NC_003197.2_UR_3565800_3572539;UR_Stop_Locations=2338-2608;Length=270;Strand=+;Frame=2;UR_Frame=2;Start_Stop=TAA;End_Stop=TGA;StORF_Type=StORF
NC_003197.2_UR_3565800_3572539_Con-StORF_8:3566369-3566842;UR=NC_003197.2_UR_3565800_3572539;UR_Stop_Locations=571-769-1048;Length=477;Strand=-;Frame=5;UR_Frame=4;Start_Stop=TAG;End_Stop=TAA;StORF_Type=Con-StORF,NC_003197.2_UR_3565800_3572539_StORF_5:3566589-3566984;UR=NC_003197.2_UR_3565800_3572539;UR_Stop_Locations=785-1184;Length=399;Strand=+;Frame=3;UR_Frame=3;Start_Stop=TAA;End_Stop=TAG;StORF_Type=StORF
NC_003197.2_UR_3565800_3572539_Con-StORF_3:3571531-3571998;UR=NC_003197.2_UR_3565800_3572539;UR_Stop_Locations=5727-5988-6198;Length=471;Strand=+;Frame=1;UR_Frame=1;Start_Stop=TAA;End_Stop=TGA;StORF_Type=Con-StORF,NC_003197.2_UR_3565800_3572539_StORF_35:3571531-3571791;UR=NC_003197.2_UR_3565800_3572539;UR_Stop_Locations=5727-5991;Length=264;Strand=+;Frame=1;UR_Frame=1;Start_Stop=TAA;End_Stop=TGA;StORF_Type=StORF -> NC_003197.2_UR_3565800_3572539_StORF_37:3571847-3572104;UR=NC_003197.2_UR_3565800_3572539;UR_Stop_Locations=6043-6304;Length=261;Strand=+;Frame=2;UR_Frame=2;Start_Stop=TAG;End_Stop=TAA;StORF_Type=StORF
NC_003197.2_UR_3565800_3572539_Con-StORF_7:3567270-3567599;UR=NC_003197.2_UR_3565800_3572539;UR_Stop_Locations=1472-1667-1805;Length=333;Strand=-;Frame=6;UR_Frame=6;Start_Stop=TGA;End_Stop=TAG;StORF_Type=Con-StORF,NC_003197.2_UR_3565800_3572539_StORF_8:3567313-3567672;UR=NC_003197.2_UR_3565800_3572539;UR_Stop_Locations=1509-1872;Length=363;Strand=+;Frame=1;UR_Frame=1;Start_Stop=TGA;End_Stop=TAA;StORF_Type=StORF
NC_003197.2_UR_3565800_3572539_Con-StORF_2:3570572-3570880;UR=NC_003197.2_UR_3565800_3572539;UR_Stop_Locations=4768-4978-5080;Length=312;Strand=+;Frame=2;UR_Frame=2;Start_Stop=TAA;End_Stop=TAA;StORF_Type=Con-StORF,NC_003197.2_UR_3565800_3572539_StORF_52:3570573-3571055;UR=NC_003197.2_UR_3565800_3572539;UR_Stop_Locations=4775-5261;Length=486;Strand=-;Frame=6;UR_Frame=6;Start_Stop=TAA;End_Stop=TAG;StORF_Type=StORF
NC_003197.2_UR_3565800_3572539_Con-StORF_4:3571142-3571441;UR=NC_003197.2_UR_3565800_3572539;UR_Stop_Locations=5344-5467-5647;Length=303;Strand=-;Frame=5;UR_Frame=4;Start_Stop=TAA;End_Stop=TAA;StORF_Type=Con-StORF,NC_003197.2_UR_3565800_3572539_StORF_33:3571146-3571454;UR=NC_003197.2_UR_3565800_3572539;UR_Stop_Locations=5342-5654;Length=312;Strand=+;Frame=3;UR_Frame=3;Start_Stop=TAA;End_Stop=TAA;StORF_Type=StORF
NC_003197.2_UR_3565800_3572539_Con-StORF_5:3569641-3569919;UR=NC_003197.2_UR_3565800_3572539;UR_Stop_Locations=3843-3990-4125;Length=282;Strand=-;Frame=4;UR_Frame=5;Start_Stop=TGA;End_Stop=TGA;StORF_Type=Con-StORF,NC_003197.2_UR_3565800_3572539_StORF_20:3569491-3569856;UR=NC_003197.2_UR_3565800_3572539;UR_Stop_Locations=3687-4056;Length=369;Strand=+;Frame=1;UR_Frame=1;Start_Stop=TAA;End_Stop=TGA;StORF_Type=StORF
NC_003197.2_UR_830066_831972_Con-StORF_2:830404-831276;UR=NC_003197.2_UR_830066_831972;UR_Stop_Locations=340-541-1216;Length=876;Strand=-;Frame=4;UR_Frame=4;Start_Stop=TAA;End_Stop=TAG;StORF_Type=Con-StORF,NC_003197.2_UR_830066_831972_StORF_2:830416-831906;UR=NC_003197.2_UR_830066_831972;UR_Stop_Locations=346-1840;Length=1494;Strand=+;Frame=1;UR_Frame=2;Start_Stop=TGA;End_Stop=TAA;StORF_Type=StORF
NC_003197.2_UR_830066_831972_Con-StORF_0:831564-831944;UR=NC_003197.2_UR_830066_831972;UR_Stop_Locations=1500-1608-1884;Length=384;Strand=-;Frame=6;UR_Frame=5;Start_Stop=TGA;End_Stop=TAG;StORF_Type=Con-StORF,NC_003197.2_UR_830066_831972_StORF_2:830416-831906;UR=NC_003197.2_UR_830066_831972;UR_Stop_Locations=346-1840;Length=1494;Strand=+;Frame=1;UR_Frame=2;Start_Stop=TGA;End_Stop=TAA;StORF_Type=StORF
NC_003197.2_UR_2093230_2094424_Con-StORF_2:2093274-2094011;UR=NC_003197.2_UR_2093230_2094424;UR_Stop_Locations=46-544-787;Length=741;Strand=-;Frame=6;UR_Frame=6;Start_Stop=TGA;End_Stop=TAG;StORF_Type=Con-StORF,NC_003197.2_UR_2093230_2094424_StORF_10:2093274-2093768;UR=NC_003197.2_UR_2093230_2094424;UR_Stop_Locations=46-544;Length=498;Strand=-;Frame=6;UR_Frame=6;Start_Stop=TAA;End_Stop=TAG;StORF_Type=StORF -> NC_003197.2_UR_2093230_2094424_StORF_9:2093769-2094011;UR=NC_003197.2_UR_2093230_2094424;UR_Stop_Locations=541-787;Length=246;Strand=-;Frame=6;UR_Frame=6;Start_Stop=TGA;End_Stop=TAA;StORF_Type=StORF
NC_003197.2_UR_3094138_3096614_Con-StORF_1:3094824-3095540;UR=NC_003197.2_UR_3094138_3096614;UR_Stop_Locations=682-1138-1402;Length=720;Strand=+;Frame=3;UR_Frame=2;Start_Stop=TAA;End_Stop=TAA;StORF_Type=Con-StORF,NC_003197.2_UR_3094138_3096614_StORF_6:3094824-3095279;UR=NC_003197.2_UR_3094138_3096614;UR_Stop_Locations=682-1141;Length=459;Strand=+;Frame=3;UR_Frame=2;Start_Stop=TAA;End_Stop=TAG;StORF_Type=StORF -> NC_003197.2_UR_3094138_3096614_StORF_7:3095280-3095540;UR=NC_003197.2_UR_3094138_3096614;UR_Stop_Locations=1138-1402;Length=264;Strand=+;Frame=3;UR_Frame=2;Start_Stop=TAG;End_Stop=TAA;StORF_Type=StORF
NC_003197.2_UR_3094138_3096614_Con-StORF_0:3094157-3094624;UR=NC_003197.2_UR_3094138_3096614;UR_Stop_Locations=15-300-486;Length=471;Strand=+;Frame=2;UR_Frame=1;Start_Stop=TGA;End_Stop=TAA;StORF_Type=Con-StORF,NC_003197.2_UR_3094138_3096614_StORF_0:3094157-3094441;UR=NC_003197.2_UR_3094138_3096614;UR_Stop_Locations=15-303;Length=288;Strand=+;Frame=2;UR_Frame=1;Start_Stop=TGA;End_Stop=TAA;StORF_Type=StORF
NC_003197.2_UR_4696720_4698425_Con-StORF_0:4696736-4697443;UR=NC_003197.2_UR_4696720_4698425;UR_Stop_Locations=12-111-723;Length=711;Strand=+;Frame=2;UR_Frame=1;Start_Stop=TAA;End_Stop=TAA;StORF_Type=Con-StORF,NC_003197.2_UR_4696720_4698425_StORF_7:4696820-4697767;UR=NC_003197.2_UR_4696720_4698425;UR_Stop_Locations=102-1053;Length=951;Strand=-;Frame=5;UR_Frame=5;Start_Stop=TGA;End_Stop=TAA;StORF_Type=StORF
NC_003197.2_UR_4696720_4698425_Con-StORF_1:4697562-4698068;UR=NC_003197.2_UR_4696720_4698425;UR_Stop_Locations=838-1150-1348;Length=510;Strand=+;Frame=3;UR_Frame=2;Start_Stop=TAG;End_Stop=TGA;StORF_Type=Con-StORF,NC_003197.2_UR_4696720_4698425_StORF_7:4696820-4697767;UR=NC_003197.2_UR_4696720_4698425;UR_Stop_Locations=102-1053;Length=951;Strand=-;Frame=5;UR_Frame=5;Start_Stop=TGA;End_Stop=TAA;StORF_Type=StORF -> NC_003197.2_UR_4696720_4698425_StORF_5:4698056-4698370;UR=NC_003197.2_UR_4696720_4698425;UR_Stop_Locations=1332-1650;Length=318;Strand=+;Frame=2;UR_Frame=1;Start_Stop=TGA;End_Stop=TAG;StORF_Type=StORF
NC_003197.2_UR_818566_820286_Con-StORF_0:819497-820159;UR=NC_003197.2_UR_818566_820286;UR_Stop_Locations=927-1224-1593;Length=666;Strand=+;Frame=2;UR_Frame=1;Start_Stop=TAA;End_Stop=TAA;StORF_Type=Con-StORF,NC_003197.2_UR_818566_820286_StORF_8:819794-820159;UR=NC_003197.2_UR_818566_820286;UR_Stop_Locations=1224-1593;Length=369;Strand=+;Frame=2;UR_Frame=1;Start_Stop=TAA;End_Stop=TAA;StORF_Type=StORF -> NC_003197.2_UR_818566_820286_StORF_7:819497-819793;UR=NC_003197.2_UR_818566_820286;UR_Stop_Locations=927-1227;Length=300;Strand=+;Frame=2;UR_Frame=1;Start_Stop=TAA;End_Stop=TAA;StORF_Type=StORF
NC_003197.2_UR_4350713_4356735_Con-StORF_5:4356042-4356653;UR=NC_003197.2_UR_4350713_4356735;UR_Stop_Locations=5331-5508-5946;Length=615;Strand=-;Frame=6;UR_Frame=5;Start_Stop=TAG;End_Stop=TAG;StORF_Type=Con-StORF,NC_003197.2_UR_4350713_4356735_StORF_38:4356216-4356653;UR=NC_003197.2_UR_4350713_4356735;UR_Stop_Locations=5505-5946;Length=441;Strand=-;Frame=6;UR_Frame=5;Start_Stop=TAG;End_Stop=TAA;StORF_Type=StORF
NC_003197.2_UR_4350713_4356735_Con-StORF_9:4351159-4351626;UR=NC_003197.2_UR_4350713_4356735;UR_Stop_Locations=448-658-919;Length=471;Strand=-;Frame=4;UR_Frame=4;Start_Stop=TAA;End_Stop=TGA;StORF_Type=Con-StORF,NC_003197.2_UR_4350713_4356735_StORF_68:4351366-4351626;UR=NC_003197.2_UR_4350713_4356735;UR_Stop_Locations=655-919;Length=264;Strand=-;Frame=4;UR_Frame=4;Start_Stop=TAA;End_Stop=TGA;StORF_Type=StORF -> NC_003197.2_UR_4350713_4356735_StORF_70:4351053-4351310;UR=NC_003197.2_UR_4350713_4356735;UR_Stop_Locations=342-603;Length=261;Strand=-;Frame=6;UR_Frame=5;Start_Stop=TAG;End_Stop=TAA;StORF_Type=StORF
NC_003197.2_UR_4350713_4356735_Con-StORF_4:4355680-4356009;UR=NC_003197.2_UR_4350713_4356735;UR_Stop_Locations=4963-5101-5296;Length=333;Strand=+;Frame=1;UR_Frame=2;Start_Stop=TGA;End_Stop=TAG;StORF_Type=Con-StORF,NC_003197.2_UR_4350713_4356735_StORF_41:4355607-4355966;UR=NC_003197.2_UR_4350713_4356735;UR_Stop_Locations=4896-5259;Length=363;Strand=-;Frame=6;UR_Frame=5;Start_Stop=TGA;End_Stop=TAA;StORF_Type=StORF
NC_003197.2_UR_4350713_4356735_Con-StORF_10:4350760-4351086;UR=NC_003197.2_UR_4350713_4356735;UR_Stop_Locations=49-187-379;Length=330;Strand=-;Frame=4;UR_Frame=4;Start_Stop=TGA;End_Stop=TAA;StORF_Type=Con-StORF,NC_003197.2_UR_4350713_4356735_StORF_70:4351053-4351310;UR=NC_003197.2_UR_4350713_4356735;UR_Stop_Locations=342-603;Length=261;Strand=-;Frame=6;UR_Frame=5;Start_Stop=TAG;End_Stop=TAA;StORF_Type=StORF
NC_003197.2_UR_4350713_4356735_Con-StORF_8:4352277-4352585;UR=NC_003197.2_UR_4350713_4356735;UR_Stop_Locations=1566-1668-1878;Length=312;Strand=-;Frame=6;UR_Frame=5;Start_Stop=TAA;End_Stop=TAA;StORF_Type=Con-StORF,NC_003197.2_UR_4350713_4356735_StORF_10:4352102-4352584;UR=NC_003197.2_UR_4350713_4356735;UR_Stop_Locations=1385-1871;Length=486;Strand=+;Frame=2;UR_Frame=3;Start_Stop=TAA;End_Stop=TAG;StORF_Type=StORF
NC_003197.2_UR_4350713_4356735_Con-StORF_0:4351716-4352015;UR=NC_003197.2_UR_4350713_4356735;UR_Stop_Locations=999-1179-1302;Length=303;Strand=+;Frame=3;UR_Frame=1;Start_Stop=TAA;End_Stop=TAA;StORF_Type=Con-StORF,NC_003197.2_UR_4350713_4356735_StORF_66:4351703-4352011;UR=NC_003197.2_UR_4350713_4356735;UR_Stop_Locations=992-1304;Length=312;Strand=-;Frame=5;UR_Frame=6;Start_Stop=TAA;End_Stop=TAA;StORF_Type=StORF
NC_003197.2_UR_4350713_4356735_Con-StORF_2:4353360-4353638;UR=NC_003197.2_UR_4350713_4356735;UR_Stop_Locations=2643-2778-2925;Length=282;Strand=+;Frame=3;UR_Frame=1;Start_Stop=TGA;End_Stop=TGA;StORF_Type=Con-StORF,NC_003197.2_UR_4350713_4356735_StORF_54:4353423-4353788;UR=NC_003197.2_UR_4350713_4356735;UR_Stop_Locations=2712-3081;Length=369;Strand=-;Frame=6;UR_Frame=5;Start_Stop=TAA;End_Stop=TGA;StORF_Type=StORF
NC_003197.2_UR_4350713_4356735_Con-StORF_1:4352857-4353114;UR=NC_003197.2_UR_4350713_4356735;UR_Stop_Locations=2140-2293-2401;Length=261;Strand=+;Frame=1;UR_Frame=2;Start_Stop=TGA;End_Stop=TGA;StORF_Type=Con-StORF,NC_003197.2_UR_4350713_4356735_StORF_58:4352682-4352945;UR=NC_003197.2_UR_4350713_4356735;UR_Stop_Locations=1971-2238;Length=267;Strand=-;Frame=6;UR_Frame=5;Start_Stop=TAG;End_Stop=TAA;StORF_Type=StORF
NC_003197.2_UR_4350713_4356735_Con-StORF_7:4355034-4355606;UR=NC_003197.2_UR_4350713_4356735;UR_Stop_Locations=4323-4443-4899;Length=0;Strand=-;Frame=6;UR_Frame=5;Start_Stop=;End_Stop=;StORF_Type=Con-StORF,NC_003197.2_UR_4350713_4356735_StORF_42:4355151-4355606;UR=NC_003197.2_UR_4350713_4356735;UR_Stop_Locations=4440-4899;Length=459;Strand=-;Frame=6;UR_Frame=5;Start_Stop=TAA;End_Stop=TGA;StORF_Type=StORF -> NC_003197.2_UR_4350713_4356735_StORF_44:4354871-4355137;UR=NC_003197.2_UR_4350713_4356735;UR_Stop_Locations=4160-4430;Length=270;Strand=-;Frame=5;UR_Frame=6;Start_Stop=TAA;End_Stop=TGA;StORF_Type=StORF
NC_003197.2_UR_854725_856708_Con-StORF_1:855790-856383;UR=NC_003197.2_UR_854725_856708;UR_Stop_Locations=1067-1463-1664;Length=597;Strand=-;Frame=4;UR_Frame=5;Start_Stop=TAA;End_Stop=TAA;StORF_Type=Con-StORF,NC_003197.2_UR_854725_856708_StORF_3:854960-856117;UR=NC_003197.2_UR_854725_856708;UR_Stop_Locations=231-1392;Length=1161;Strand=+;Frame=2;UR_Frame=1;Start_Stop=TGA;End_Stop=TAG;StORF_Type=StORF
NC_003197.2_UR_1852354_1853770_Con-StORF_0:1852673-1853263;UR=NC_003197.2_UR_1852354_1853770;UR_Stop_Locations=315-732-909;Length=594;Strand=+;Frame=2;UR_Frame=1;Start_Stop=TAA;End_Stop=TGA;StORF_Type=Con-StORF,NC_003197.2_UR_1852354_1853770_StORF_3:1852673-1853089;UR=NC_003197.2_UR_1852354_1853770;UR_Stop_Locations=315-735;Length=420;Strand=+;Frame=2;UR_Frame=1;Start_Stop=TAA;End_Stop=TGA;StORF_Type=StORF
NC_003197.2_UR_1852354_1853770_Con-StORF_1:1853264-1853758;UR=NC_003197.2_UR_1852354_1853770;UR_Stop_Locations=906-1170-1404;Length=498;Strand=+;Frame=2;UR_Frame=1;Start_Stop=TGA;End_Stop=TGA;StORF_Type=Con-StORF,NC_003197.2_UR_1852354_1853770_StORF_6:1853264-1853527;UR=NC_003197.2_UR_1852354_1853770;UR_Stop_Locations=906-1173;Length=267;Strand=+;Frame=2;UR_Frame=1;Start_Stop=TGA;End_Stop=TGA;StORF_Type=StORF -> NC_003197.2_UR_1852354_1853770_StORF_7:1853528-1853758;UR=NC_003197.2_UR_1852354_1853770;UR_Stop_Locations=1170-1404;Length=234;Strand=+;Frame=2;UR_Frame=1;Start_Stop=TGA;End_Stop=TGA;StORF_Type=StORF
NC_003197.2_UR_4751807_4752733_Con-StORF_0:4752050-4752622;UR=NC_003197.2_UR_4751807_4752733;UR_Stop_Locations=245-581-821;Length=576;Strand=-;Frame=5;UR_Frame=4;Start_Stop=TAA;End_Stop=TAA;StORF_Type=Con-StORF,NC_003197.2_UR_4751807_4752733_StORF_8:4752050-4752382;UR=NC_003197.2_UR_4751807_4752733;UR_Stop_Locations=245-581;Length=336;Strand=-;Frame=5;UR_Frame=4;Start_Stop=TAA;End_Stop=TAA;StORF_Type=StORF -> NC_003197.2_UR_4751807_4752733_StORF_7:4752383-4752622;UR=NC_003197.2_UR_4751807_4752733;UR_Stop_Locations=578-821;Length=243;Strand=-;Frame=5;UR_Frame=4;Start_Stop=TAA;End_Stop=TAA;StORF_Type=StORF
NC_003197.2_UR_737825_738992_Con-StORF_0:738008-738571;UR=NC_003197.2_UR_737825_738992;UR_Stop_Locations=179-479-746;Length=567;Strand=+;Frame=2;UR_Frame=3;Start_Stop=TAA;End_Stop=TGA;StORF_Type=Con-StORF,NC_003197.2_UR_737825_738992_StORF_3:738325-738672;UR=NC_003197.2_UR_737825_738992;UR_Stop_Locations=496-847;Length=351;Strand=+;Frame=1;UR_Frame=2;Start_Stop=TAG;End_Stop=TGA;StORF_Type=StORF -> NC_003197.2_UR_737825_738992_StORF_1:738008-738307;UR=NC_003197.2_UR_737825_738992;UR_Stop_Locations=179-482;Length=303;Strand=+;Frame=2;UR_Frame=3;Start_Stop=TAA;End_Stop=TAA;StORF_Type=StORF
NC_003277.2_UR_58434_60173_Con-StORF_0:59217-59762;UR=NC_003277.2_UR_58434_60173;UR_Stop_Locations=779-1163-1328;Length=549;Strand=+;Frame=3;UR_Frame=3;Start_Stop=TAA;End_Stop=TAA;StORF_Type=Con-StORF,NC_003277.2_UR_58434_60173_StORF_6:59217-59600;UR=NC_003277.2_UR_58434_60173;UR_Stop_Locations=779-1166;Length=387;Strand=+;Frame=3;UR_Frame=3;Start_Stop=TAA;End_Stop=TAA;StORF_Type=StORF -> NC_003277.2_UR_58434_60173_StORF_15:59605-59847;UR=NC_003277.2_UR_58434_60173;UR_Stop_Locations=1173-1419;Length=246;Strand=-;Frame=4;UR_Frame=6;Start_Stop=TAA;End_Stop=TAA;StORF_Type=StORF
NC_003197.2_UR_1223977_1225105_Con-StORF_1:1223983-1224516;UR=NC_003197.2_UR_1223977_1225105;UR_Stop_Locations=8-200-545;Length=537;Strand=-;Frame=4;UR_Frame=5;Start_Stop=TAA;End_Stop=TGA;StORF_Type=Con-StORF,NC_003197.2_UR_1223977_1225105_StORF_9:1224474-1224872;UR=NC_003197.2_UR_1223977_1225105;UR_Stop_Locations=499-901;Length=402;Strand=-;Frame=6;UR_Frame=6;Start_Stop=TAG;End_Stop=TGA;StORF_Type=StORF -> NC_003197.2_UR_1223977_1225105_StORF_10:1224172-1224516;UR=NC_003197.2_UR_1223977_1225105;UR_Stop_Locations=197-545;Length=348;Strand=-;Frame=4;UR_Frame=5;Start_Stop=TAA;End_Stop=TAA;StORF_Type=StORF
NC_003197.2_UR_2090349_2091354_Con-StORF_0:2090703-2091224;UR=NC_003197.2_UR_2090349_2091354;UR_Stop_Locations=350-671-875;Length=525;Strand=+;Frame=3;UR_Frame=3;Start_Stop=TGA;End_Stop=TAA;StORF_Type=Con-StORF,NC_003197.2_UR_2090349_2091354_StORF_3:2090703-2091023;UR=NC_003197.2_UR_2090349_2091354;UR_Stop_Locations=350-674;Length=324;Strand=+;Frame=3;UR_Frame=3;Start_Stop=TGA;End_Stop=TGA;StORF_Type=StORF
NC_003277.2_UR_2739_3780_Con-StORF_1:3110-3589;UR=NC_003277.2_UR_2739_3780;UR_Stop_Locations=367-751-850;Length=483;Strand=+;Frame=2;UR_Frame=2;Start_Stop=TAA;End_Stop=TGA;StORF_Type=Con-StORF,NC_003277.2_UR_2739_3780_StORF_3:3110-3493;UR=NC_003277.2_UR_2739_3780;UR_Stop_Locations=367-754;Length=387;Strand=+;Frame=2;UR_Frame=2;Start_Stop=TAA;End_Stop=TGA;StORF_Type=StORF
NC_003197.2_UR_4099614_4105608_Con-StORF_7:4100161-4100628;UR=NC_003197.2_UR_4099614_4105608;UR_Stop_Locations=549-759-1020;Length=471;Strand=-;Frame=4;UR_Frame=4;Start_Stop=TAA;End_Stop=TGA;StORF_Type=Con-StORF,NC_003197.2_UR_4099614_4105608_StORF_69:4100368-4100628;UR=NC_003197.2_UR_4099614_4105608;UR_Stop_Locations=756-1020;Length=264;Strand=-;Frame=4;UR_Frame=4;Start_Stop=TAA;End_Stop=TGA;StORF_Type=StORF -> NC_003197.2_UR_4099614_4105608_StORF_71:4100055-4100312;UR=NC_003197.2_UR_4099614_4105608;UR_Stop_Locations=443-704;Length=261;Strand=-;Frame=6;UR_Frame=5;Start_Stop=TAG;End_Stop=TAA;StORF_Type=StORF
NC_003197.2_UR_4099614_4105608_Con-StORF_3:4104521-4104850;UR=NC_003197.2_UR_4099614_4105608;UR_Stop_Locations=4903-5041-5236;Length=333;Strand=+;Frame=2;UR_Frame=2;Start_Stop=TGA;End_Stop=TAG;StORF_Type=Con-StORF,NC_003197.2_UR_4099614_4105608_StORF_43:4104448-4104807;UR=NC_003197.2_UR_4099614_4105608;UR_Stop_Locations=4836-5199;Length=363;Strand=-;Frame=4;UR_Frame=4;Start_Stop=TGA;End_Stop=TAA;StORF_Type=StORF
NC_003197.2_UR_4099614_4105608_Con-StORF_6:4101279-4101587;UR=NC_003197.2_UR_4099614_4105608;UR_Stop_Locations=1667-1769-1979;Length=312;Strand=-;Frame=6;UR_Frame=5;Start_Stop=TAA;End_Stop=TAA;StORF_Type=Con-StORF,NC_003197.2_UR_4099614_4105608_StORF_12:4101104-4101586;UR=NC_003197.2_UR_4099614_4105608;UR_Stop_Locations=1486-1972;Length=486;Strand=+;Frame=2;UR_Frame=2;Start_Stop=TAA;End_Stop=TAG;StORF_Type=StORF
NC_003197.2_UR_4099614_4105608_Con-StORF_1:4100718-4101017;UR=NC_003197.2_UR_4099614_4105608;UR_Stop_Locations=1100-1280-1403;Length=303;Strand=+;Frame=3;UR_Frame=3;Start_Stop=TAA;End_Stop=TAA;StORF_Type=Con-StORF,NC_003197.2_UR_4099614_4105608_StORF_67:4100705-4101013;UR=NC_003197.2_UR_4099614_4105608;UR_Stop_Locations=1093-1405;Length=312;Strand=-;Frame=5;UR_Frame=6;Start_Stop=TAA;End_Stop=TAA;StORF_Type=StORF
NC_003197.2_UR_4099614_4105608_Con-StORF_2:4102201-4102479;UR=NC_003197.2_UR_4099614_4105608;UR_Stop_Locations=2583-2718-2865;Length=282;Strand=+;Frame=1;UR_Frame=1;Start_Stop=TGA;End_Stop=TGA;StORF_Type=Con-StORF,NC_003197.2_UR_4099614_4105608_StORF_56:4102264-4102629;UR=NC_003197.2_UR_4099614_4105608;UR_Stop_Locations=2652-3021;Length=369;Strand=-;Frame=4;UR_Frame=4;Start_Stop=TAA;End_Stop=TGA;StORF_Type=StORF
NC_003197.2_UR_4099614_4105608_Con-StORF_5:4103875-4104447;UR=NC_003197.2_UR_4099614_4105608;UR_Stop_Locations=4263-4383-4839;Length=0;Strand=-;Frame=4;UR_Frame=4;Start_Stop=;End_Stop=;StORF_Type=Con-StORF,NC_003197.2_UR_4099614_4105608_StORF_44:4103992-4104447;UR=NC_003197.2_UR_4099614_4105608;UR_Stop_Locations=4380-4839;Length=459;Strand=-;Frame=4;UR_Frame=4;Start_Stop=TAA;End_Stop=TGA;StORF_Type=StORF -> NC_003197.2_UR_4099614_4105608_StORF_46:4103712-4103978;UR=NC_003197.2_UR_4099614_4105608;UR_Stop_Locations=4100-4370;Length=270;Strand=-;Frame=6;UR_Frame=5;Start_Stop=TAA;End_Stop=TGA;StORF_Type=StORF
NC_003197.2_UR_4195644_4201747_Con-StORF_7:4196088-4196555;UR=NC_003197.2_UR_4195644_4201747;UR_Stop_Locations=446-656-917;Length=471;Strand=-;Frame=6;UR_Frame=6;Start_Stop=TAA;End_Stop=TGA;StORF_Type=Con-StORF,NC_003197.2_UR_4195644_4201747_StORF_72:4196295-4196555;UR=NC_003197.2_UR_4195644_4201747;UR_Stop_Locations=653-917;Length=264;Strand=-;Frame=6;UR_Frame=6;Start_Stop=TAA;End_Stop=TGA;StORF_Type=StORF -> NC_003197.2_UR_4195644_4201747_StORF_74:4195982-4196239;UR=NC_003197.2_UR_4195644_4201747;UR_Stop_Locations=340-601;Length=261;Strand=-;Frame=5;UR_Frame=4;Start_Stop=TAG;End_Stop=TAA;StORF_Type=StORF
NC_003197.2_UR_4195644_4201747_Con-StORF_3:4200609-4200938;UR=NC_003197.2_UR_4195644_4201747;UR_Stop_Locations=4961-5099-5294;Length=333;Strand=+;Frame=3;UR_Frame=3;Start_Stop=TGA;End_Stop=TAG;StORF_Type=Con-StORF,NC_003197.2_UR_4195644_4201747_StORF_45:4200536-4200895;UR=NC_003197.2_UR_4195644_4201747;UR_Stop_Locations=4894-5257;Length=363;Strand=-;Frame=5;UR_Frame=4;Start_Stop=TGA;End_Stop=TAA;StORF_Type=StORF
NC_003197.2_UR_4195644_4201747_Con-StORF_6:4197206-4197514;UR=NC_003197.2_UR_4195644_4201747;UR_Stop_Locations=1564-1666-1876;Length=312;Strand=-;Frame=5;UR_Frame=4;Start_Stop=TAA;End_Stop=TAA;StORF_Type=Con-StORF,NC_003197.2_UR_4195644_4201747_StORF_10:4197031-4197513;UR=NC_003197.2_UR_4195644_4201747;UR_Stop_Locations=1383-1869;Length=486;Strand=+;Frame=1;UR_Frame=1;Start_Stop=TAA;End_Stop=TAG;StORF_Type=StORF
NC_003197.2_UR_4195644_4201747_Con-StORF_0:4196645-4196944;UR=NC_003197.2_UR_4195644_4201747;UR_Stop_Locations=997-1177-1300;Length=303;Strand=+;Frame=2;UR_Frame=2;Start_Stop=TAA;End_Stop=TAA;StORF_Type=Con-StORF,NC_003197.2_UR_4195644_4201747_StORF_70:4196632-4196940;UR=NC_003197.2_UR_4195644_4201747;UR_Stop_Locations=990-1302;Length=312;Strand=-;Frame=4;UR_Frame=5;Start_Stop=TAA;End_Stop=TAA;StORF_Type=StORF
NC_003197.2_UR_4195644_4201747_Con-StORF_2:4198289-4198567;UR=NC_003197.2_UR_4195644_4201747;UR_Stop_Locations=2641-2776-2923;Length=282;Strand=+;Frame=2;UR_Frame=2;Start_Stop=TGA;End_Stop=TGA;StORF_Type=Con-StORF,NC_003197.2_UR_4195644_4201747_StORF_58:4198352-4198717;UR=NC_003197.2_UR_4195644_4201747;UR_Stop_Locations=2710-3079;Length=369;Strand=-;Frame=5;UR_Frame=4;Start_Stop=TAA;End_Stop=TGA;StORF_Type=StORF
NC_003197.2_UR_4195644_4201747_Con-StORF_1:4197786-4198043;UR=NC_003197.2_UR_4195644_4201747;UR_Stop_Locations=2138-2291-2399;Length=261;Strand=+;Frame=3;UR_Frame=3;Start_Stop=TGA;End_Stop=TGA;StORF_Type=Con-StORF,NC_003197.2_UR_4195644_4201747_StORF_62:4197611-4197874;UR=NC_003197.2_UR_4195644_4201747;UR_Stop_Locations=1969-2236;Length=267;Strand=-;Frame=5;UR_Frame=4;Start_Stop=TAG;End_Stop=TAA;StORF_Type=StORF
NC_003197.2_UR_4195644_4201747_Con-StORF_5:4199963-4200535;UR=NC_003197.2_UR_4195644_4201747;UR_Stop_Locations=4321-4441-4897;Length=0;Strand=-;Frame=5;UR_Frame=4;Start_Stop=;End_Stop=;StORF_Type=Con-StORF,NC_003197.2_UR_4195644_4201747_StORF_46:4200080-4200535;UR=NC_003197.2_UR_4195644_4201747;UR_Stop_Locations=4438-4897;Length=459;Strand=-;Frame=5;UR_Frame=4;Start_Stop=TAA;End_Stop=TGA;StORF_Type=StORF -> NC_003197.2_UR_4195644_4201747_StORF_48:4199800-4200066;UR=NC_003197.2_UR_4195644_4201747;UR_Stop_Locations=4158-4428;Length=270;Strand=-;Frame=4;UR_Frame=5;Start_Stop=TAA;End_Stop=TGA;StORF_Type=StORF
NC_003197.2_UR_3116612_3117324_Con-StORF_0:3116659-3117120;UR=NC_003197.2_UR_3116612_3117324;UR_Stop_Locations=49-211-514;Length=465;Strand=-;Frame=4;UR_Frame=4;Start_Stop=TAA;End_Stop=TGA;StORF_Type=Con-StORF,NC_003197.2_UR_3116612_3117324_StORF_3:3116818-3117120;UR=NC_003197.2_UR_3116612_3117324;UR_Stop_Locations=208-514;Length=306;Strand=-;Frame=4;UR_Frame=4;Start_Stop=TAA;End_Stop=TGA;StORF_Type=StORF
NC_003197.2_UR_2309707_2310542_Con-StORF_2:2310004-2310462;UR=NC_003197.2_UR_2309707_2310542;UR_Stop_Locations=299-443-761;Length=462;Strand=-;Frame=4;UR_Frame=6;Start_Stop=TAA;End_Stop=TAG;StORF_Type=Con-StORF,NC_003197.2_UR_2309707_2310542_StORF_4:2310182-2310427;UR=NC_003197.2_UR_2309707_2310542;UR_Stop_Locations=471-720;Length=249;Strand=+;Frame=2;UR_Frame=1;Start_Stop=TAA;End_Stop=TGA;StORF_Type=StORF
NC_003197.2_UR_4432851_4433505_Con-StORF_0:4433002-4433454;UR=NC_003197.2_UR_4432851_4433505;UR_Stop_Locations=147-480-603;Length=456;Strand=+;Frame=1;UR_Frame=1;Start_Stop=TAA;End_Stop=TAA;StORF_Type=Con-StORF,NC_003197.2_UR_4432851_4433505_StORF_2:4433002-4433334;UR=NC_003197.2_UR_4432851_4433505;UR_Stop_Locations=147-483;Length=336;Strand=+;Frame=1;UR_Frame=1;Start_Stop=TAA;End_Stop=TAA;StORF_Type=StORF
NC_003197.2_UR_3245794_3247154_Con-StORF_1:3246412-3246855;UR=NC_003197.2_UR_3245794_3247154;UR_Stop_Locations=620-737-1067;Length=447;Strand=-;Frame=4;UR_Frame=6;Start_Stop=TGA;End_Stop=TGA;StORF_Type=Con-StORF,NC_003197.2_UR_3245794_3247154_StORF_9:3246526-3246855;UR=NC_003197.2_UR_3245794_3247154;UR_Stop_Locations=734-1067;Length=333;Strand=-;Frame=4;UR_Frame=6;Start_Stop=TGA;End_Stop=TAG;StORF_Type=StORF
NC_003197.2_UR_2076866_2077616_Con-StORF_1:2077114-2077554;UR=NC_003197.2_UR_2076866_2077616;UR_Stop_Locations=244-433-688;Length=444;Strand=+;Frame=1;UR_Frame=2;Start_Stop=TGA;End_Stop=TAA;StORF_Type=Con-StORF,NC_003197.2_UR_2076866_2077616_StORF_3:2077303-2077554;UR=NC_003197.2_UR_2076866_2077616;UR_Stop_Locations=433-688;Length=255;Strand=+;Frame=1;UR_Frame=2;Start_Stop=TAA;End_Stop=TAA;StORF_Type=StORF
NC_003197.2_UR_3458222_3458914_Con-StORF_0:3458294-3458734;UR=NC_003197.2_UR_3458222_3458914;UR_Stop_Locations=68-164-512;Length=444;Strand=+;Frame=2;UR_Frame=3;Start_Stop=TAA;End_Stop=TGA;StORF_Type=Con-StORF,NC_003197.2_UR_3458222_3458914_StORF_1:3458390-3458734;UR=NC_003197.2_UR_3458222_3458914;UR_Stop_Locations=164-512;Length=348;Strand=+;Frame=2;UR_Frame=3;Start_Stop=TAG;End_Stop=TGA;StORF_Type=StORF
NC_003197.2_UR_339226_340095_Con-StORF_1:339516-339950;UR=NC_003197.2_UR_339226_340095;UR_Stop_Locations=292-409-730;Length=438;Strand=-;Frame=6;UR_Frame=5;Start_Stop=TAA;End_Stop=TAA;StORF_Type=Con-StORF,NC_003197.2_UR_339226_340095_StORF_7:339630-339950;UR=NC_003197.2_UR_339226_340095;UR_Stop_Locations=406-730;Length=324;Strand=-;Frame=6;UR_Frame=5;Start_Stop=TAA;End_Stop=TAA;StORF_Type=StORF -> NC_003197.2_UR_339226_340095_StORF_9:339329-339613;UR=NC_003197.2_UR_339226_340095;UR_Stop_Locations=105-393;Length=288;Strand=-;Frame=5;UR_Frame=6;Start_Stop=TAG;End_Stop=TAA;StORF_Type=StORF
NC_003197.2_UR_2761107_2762117_Con-StORF_0:2761589-2762023;UR=NC_003197.2_UR_2761107_2762117;UR_Stop_Locations=484-658-922;Length=438;Strand=-;Frame=5;UR_Frame=5;Start_Stop=TGA;End_Stop=TAA;StORF_Type=Con-StORF,NC_003197.2_UR_2761107_2762117_StORF_9:2761760-2762023;UR=NC_003197.2_UR_2761107_2762117;UR_Stop_Locations=655-922;Length=267;Strand=-;Frame=5;UR_Frame=5;Start_Stop=TGA;End_Stop=TGA;StORF_Type=StORF -> NC_003197.2_UR_2761107_2762117_StORF_11:2761372-2761614;UR=NC_003197.2_UR_2761107_2762117;UR_Stop_Locations=267-513;Length=246;Strand=-;Frame=4;UR_Frame=6;Start_Stop=TAA;End_Stop=TAA;StORF_Type=StORF
NC_003197.2_UR_288761_295120_Con-StORF_6:294625-295056;UR=NC_003197.2_UR_288761_295120;UR_Stop_Locations=5860-6037-6295;Length=435;Strand=+;Frame=1;UR_Frame=2;Start_Stop=TAG;End_Stop=TAA;StORF_Type=Con-StORF,NC_003197.2_UR_288761_295120_StORF_38:294315-294647;UR=NC_003197.2_UR_288761_295120;UR_Stop_Locations=5550-5886;Length=336;Strand=+;Frame=3;UR_Frame=1;Start_Stop=TGA;End_Stop=TAG;StORF_Type=StORF -> NC_003197.2_UR_288761_295120_StORF_40:294802-295056;UR=NC_003197.2_UR_288761_295120;UR_Stop_Locations=6037-6295;Length=258;Strand=+;Frame=1;UR_Frame=2;Start_Stop=TAA;End_Stop=TAA;StORF_Type=StORF
NC_003197.2_UR_288761_295120_Con-StORF_5:293814-294143;UR=NC_003197.2_UR_288761_295120;UR_Stop_Locations=5049-5187-5382;Length=333;Strand=+;Frame=3;UR_Frame=1;Start_Stop=TGA;End_Stop=TAG;StORF_Type=Con-StORF,NC_003197.2_UR_288761_295120_StORF_50:293741-294100;UR=NC_003197.2_UR_288761_295120;UR_Stop_Locations=4982-5345;Length=363;Strand=-;Frame=5;UR_Frame=4;Start_Stop=TGA;End_Stop=TAA;StORF_Type=StORF
NC_003197.2_UR_288761_295120_Con-StORF_10:290314-290622;UR=NC_003197.2_UR_288761_295120;UR_Stop_Locations=1555-1657-1867;Length=312;Strand=-;Frame=4;UR_Frame=5;Start_Stop=TAA;End_Stop=TAA;StORF_Type=Con-StORF,NC_003197.2_UR_288761_295120_StORF_10:290139-290621;UR=NC_003197.2_UR_288761_295120;UR_Stop_Locations=1374-1860;Length=486;Strand=+;Frame=3;UR_Frame=1;Start_Stop=TAA;End_Stop=TAG;StORF_Type=StORF
NC_003197.2_UR_288761_295120_Con-StORF_0:289753-290052;UR=NC_003197.2_UR_288761_295120;UR_Stop_Locations=988-1168-1291;Length=303;Strand=+;Frame=1;UR_Frame=2;Start_Stop=TAA;End_Stop=TAA;StORF_Type=Con-StORF,NC_003197.2_UR_288761_295120_StORF_78:289740-290048;UR=NC_003197.2_UR_288761_295120;UR_Stop_Locations=981-1293;Length=312;Strand=-;Frame=6;UR_Frame=6;Start_Stop=TAA;End_Stop=TAA;StORF_Type=StORF
NC_003197.2_UR_288761_295120_Con-StORF_2:291395-291673;UR=NC_003197.2_UR_288761_295120;UR_Stop_Locations=2630-2765-2912;Length=282;Strand=+;Frame=2;UR_Frame=3;Start_Stop=TGA;End_Stop=TGA;StORF_Type=Con-StORF,NC_003197.2_UR_288761_295120_StORF_64:291526-291876;UR=NC_003197.2_UR_288761_295120;UR_Stop_Locations=2767-3121;Length=354;Strand=-;Frame=4;UR_Frame=5;Start_Stop=TAA;End_Stop=TAA;StORF_Type=StORF
NC_003197.2_UR_288761_295120_Con-StORF_3:291748-291990;UR=NC_003197.2_UR_288761_295120;UR_Stop_Locations=2983-3127-3229;Length=246;Strand=+;Frame=1;UR_Frame=2;Start_Stop=TGA;End_Stop=TAA;StORF_Type=Con-StORF,NC_003197.2_UR_288761_295120_StORF_64:291526-291876;UR=NC_003197.2_UR_288761_295120;UR_Stop_Locations=2767-3121;Length=354;Strand=-;Frame=4;UR_Frame=5;Start_Stop=TAA;End_Stop=TAA;StORF_Type=StORF
NC_003197.2_UR_288761_295120_Con-StORF_8:293168-293740;UR=NC_003197.2_UR_288761_295120;UR_Stop_Locations=4409-4529-4985;Length=0;Strand=-;Frame=5;UR_Frame=4;Start_Stop=;End_Stop=;StORF_Type=Con-StORF,NC_003197.2_UR_288761_295120_StORF_51:293285-293740;UR=NC_003197.2_UR_288761_295120;UR_Stop_Locations=4526-4985;Length=459;Strand=-;Frame=5;UR_Frame=4;Start_Stop=TAA;End_Stop=TGA;StORF_Type=StORF -> NC_003197.2_UR_288761_295120_StORF_53:293005-293271;UR=NC_003197.2_UR_288761_295120;UR_Stop_Locations=4246-4516;Length=270;Strand=-;Frame=4;UR_Frame=5;Start_Stop=TAA;End_Stop=TGA;StORF_Type=StORF
NC_003197.2_UR_3101367_3102497_Con-StORF_0:3102065-3102490;UR=NC_003197.2_UR_3101367_3102497;UR_Stop_Locations=700-823-1129;Length=429;Strand=-;Frame=5;UR_Frame=5;Start_Stop=TGA;End_Stop=TAA;StORF_Type=Con-StORF,NC_003197.2_UR_3101367_3102497_StORF_7:3102185-3102490;UR=NC_003197.2_UR_3101367_3102497;UR_Stop_Locations=820-1129;Length=309;Strand=-;Frame=5;UR_Frame=5;Start_Stop=TGA;End_Stop=TAG;StORF_Type=StORF
NC_003197.2_UR_603521_604168_Con-StORF_0:603706-604128;UR=NC_003197.2_UR_603521_604168;UR_Stop_Locations=181-340-607;Length=426;Strand=+;Frame=1;UR_Frame=2;Start_Stop=TGA;End_Stop=TAA;StORF_Type=Con-StORF,NC_003197.2_UR_603521_604168_StORF_2:603865-604128;UR=NC_003197.2_UR_603521_604168;UR_Stop_Locations=340-607;Length=267;Strand=+;Frame=1;UR_Frame=2;Start_Stop=TAG;End_Stop=TAA;StORF_Type=StORF
NC_003197.2_UR_966678_967964_Con-StORF_1:967467-967886;UR=NC_003197.2_UR_966678_967964;UR_Stop_Locations=785-968-1208;Length=423;Strand=+;Frame=3;UR_Frame=3;Start_Stop=TGA;End_Stop=TAA;StORF_Type=Con-StORF,NC_003197.2_UR_966678_967964_StORF_10:967231-967482;UR=NC_003197.2_UR_966678_967964;UR_Stop_Locations=555-810;Length=255;Strand=-;Frame=4;UR_Frame=6;Start_Stop=TAG;End_Stop=TGA;StORF_Type=StORF -> NC_003197.2_UR_966678_967964_StORF_8:967650-967886;UR=NC_003197.2_UR_966678_967964;UR_Stop_Locations=968-1208;Length=240;Strand=+;Frame=3;UR_Frame=3;Start_Stop=TAA;End_Stop=TAA;StORF_Type=StORF
NC_003197.2_UR_966678_967964_Con-StORF_0:967002-967268;UR=NC_003197.2_UR_966678_967964;UR_Stop_Locations=320-467-590;Length=270;Strand=+;Frame=3;UR_Frame=3;Start_Stop=TAG;End_Stop=TAA;StORF_Type=Con-StORF,NC_003197.2_UR_966678_967964_StORF_10:967231-967482;UR=NC_003197.2_UR_966678_967964;UR_Stop_Locations=555-810;Length=255;Strand=-;Frame=4;UR_Frame=6;Start_Stop=TAG;End_Stop=TGA;StORF_Type=StORF
NC_003197.2_UR_4049540_4051441_Con-StORF_1:4050062-4050481;UR=NC_003197.2_UR_4049540_4051441;UR_Stop_Locations=524-794-947;Length=423;Strand=-;Frame=5;UR_Frame=4;Start_Stop=TAA;End_Stop=TGA;StORF_Type=Con-StORF,NC_003197.2_UR_4049540_4051441_StORF_4:4050341-4051066;UR=NC_003197.2_UR_4049540_4051441;UR_Stop_Locations=797-1526;Length=729;Strand=+;Frame=2;UR_Frame=3;Start_Stop=TGA;End_Stop=TGA;StORF_Type=StORF -> NC_003197.2_UR_4049540_4051441_StORF_2:4049843-4050340;UR=NC_003197.2_UR_4049540_4051441;UR_Stop_Locations=299-800;Length=501;Strand=+;Frame=2;UR_Frame=3;Start_Stop=TGA;End_Stop=TGA;StORF_Type=StORF
NC_003197.2_UR_4049540_4051441_Con-StORF_0:4050698-4051114;UR=NC_003197.2_UR_4049540_4051441;UR_Stop_Locations=1160-1322-1580;Length=420;Strand=-;Frame=5;UR_Frame=4;Start_Stop=TAG;End_Stop=TAG;StORF_Type=Con-StORF,NC_003197.2_UR_4049540_4051441_StORF_4:4050341-4051066;UR=NC_003197.2_UR_4049540_4051441;UR_Stop_Locations=797-1526;Length=729;Strand=+;Frame=2;UR_Frame=3;Start_Stop=TGA;End_Stop=TGA;StORF_Type=StORF -> NC_003197.2_UR_4049540_4051441_StORF_6:4051101-4051382;UR=NC_003197.2_UR_4049540_4051441;UR_Stop_Locations=1563-1848;Length=285;Strand=-;Frame=6;UR_Frame=6;Start_Stop=TAA;End_Stop=TAA;StORF_Type=StORF
NC_003197.2_UR_4049540_4051441_Con-StORF_2:4049643-4049996;UR=NC_003197.2_UR_4049540_4051441;UR_Stop_Locations=105-285-462;Length=357;Strand=-;Frame=6;UR_Frame=6;Start_Stop=TGA;End_Stop=TAA;StORF_Type=Con-StORF,NC_003197.2_UR_4049540_4051441_StORF_2:4049843-4050340;UR=NC_003197.2_UR_4049540_4051441;UR_Stop_Locations=299-800;Length=501;Strand=+;Frame=2;UR_Frame=3;Start_Stop=TGA;End_Stop=TGA;StORF_Type=StORF
NC_003197.2_UR_1958150_1959554_Con-StORF_0:1958695-1959111;UR=NC_003197.2_UR_1958150_1959554;UR_Stop_Locations=541-742-961;Length=420;Strand=+;Frame=1;UR_Frame=2;Start_Stop=TGA;End_Stop=TGA;StORF_Type=Con-StORF,NC_003197.2_UR_1958150_1959554_StORF_9:1958686-1958928;UR=NC_003197.2_UR_1958150_1959554;UR_Stop_Locations=538-784;Length=246;Strand=-;Frame=4;UR_Frame=6;Start_Stop=TAA;End_Stop=TGA;StORF_Type=StORF -> NC_003197.2_UR_1958150_1959554_StORF_4:1958896-1959111;UR=NC_003197.2_UR_1958150_1959554;UR_Stop_Locations=742-961;Length=219;Strand=+;Frame=1;UR_Frame=2;Start_Stop=TAA;End_Stop=TGA;StORF_Type=StORF
NC_003197.2_UR_304084_304716_Con-StORF_0:304146-304559;UR=NC_003197.2_UR_304084_304716;UR_Stop_Locations=64-208-481;Length=417;Strand=-;Frame=6;UR_Frame=5;Start_Stop=TGA;End_Stop=TAA;StORF_Type=Con-StORF,NC_003197.2_UR_304084_304716_StORF_4:304287-304559;UR=NC_003197.2_UR_304084_304716;UR_Stop_Locations=205-481;Length=276;Strand=-;Frame=6;UR_Frame=5;Start_Stop=TGA;End_Stop=TAA;StORF_Type=StORF
NC_003197.2_UR_1508886_1509454_Con-StORF_1:1508943-1509356;UR=NC_003197.2_UR_1508886_1509454;UR_Stop_Locations=59-203-476;Length=417;Strand=-;Frame=6;UR_Frame=6;Start_Stop=TAG;End_Stop=TGA;StORF_Type=Con-StORF,NC_003197.2_UR_1508886_1509454_StORF_6:1509084-1509356;UR=NC_003197.2_UR_1508886_1509454;UR_Stop_Locations=200-476;Length=276;Strand=-;Frame=6;UR_Frame=6;Start_Stop=TAG;End_Stop=TGA;StORF_Type=StORF
NC_003197.2_UR_75385_75930_Con-StORF_0:75493-75888;UR=NC_003197.2_UR_75385_75930;UR_Stop_Locations=110-287-509;Length=399;Strand=-;Frame=4;UR_Frame=4;Start_Stop=TGA;End_Stop=TAA;StORF_Type=Con-StORF,NC_003197.2_UR_75385_75930_StORF_3:75667-75888;UR=NC_003197.2_UR_75385_75930;UR_Stop_Locations=284-509;Length=225;Strand=-;Frame=4;UR_Frame=4;Start_Stop=TGA;End_Stop=TAA;StORF_Type=StORF
NC_003197.2_UR_4674319_4674836_Con-StORF_1:4674406-4674795;UR=NC_003197.2_UR_4674319_4674836;UR_Stop_Locations=89-311-482;Length=393;Strand=-;Frame=4;UR_Frame=6;Start_Stop=TGA;End_Stop=TAG;StORF_Type=Con-StORF,NC_003197.2_UR_4674319_4674836_StORF_4:4674406-4674624;UR=NC_003197.2_UR_4674319_4674836;UR_Stop_Locations=89-311;Length=222;Strand=-;Frame=4;UR_Frame=6;Start_Stop=TAA;End_Stop=TAG;StORF_Type=StORF
NC_003197.2_UR_613734_614252_Con-StORF_0:613809-614195;UR=NC_003197.2_UR_613734_614252;UR_Stop_Locations=71-341-461;Length=390;Strand=+;Frame=3;UR_Frame=3;Start_Stop=TGA;End_Stop=TAA;StORF_Type=Con-StORF,NC_003197.2_UR_613734_614252_StORF_2:613753-614097;UR=NC_003197.2_UR_613734_614252;UR_Stop_Locations=21-369;Length=348;Strand=-;Frame=4;UR_Frame=6;Start_Stop=TGA;End_Stop=TAA;StORF_Type=StORF
NC_003197.2_UR_3676267_3676961_Con-StORF_0:3676272-3676655;UR=NC_003197.2_UR_3676267_3676961;UR_Stop_Locations=7-244-394;Length=387;Strand=-;Frame=6;UR_Frame=4;Start_Stop=TAA;End_Stop=TGA;StORF_Type=Con-StORF,NC_003197.2_UR_3676267_3676961_StORF_6:3676272-3676505;UR=NC_003197.2_UR_3676267_3676961;UR_Stop_Locations=7-244;Length=237;Strand=-;Frame=6;UR_Frame=4;Start_Stop=TGA;End_Stop=TGA;StORF_Type=StORF
NC_003197.2_UR_4296679_4297178_Con-StORF_0:4296743-4297123;UR=NC_003197.2_UR_4296679_4297178;UR_Stop_Locations=60-198-444;Length=384;Strand=+;Frame=2;UR_Frame=1;Start_Stop=TGA;End_Stop=TAA;StORF_Type=Con-StORF,NC_003197.2_UR_4296679_4297178_StORF_1:4296881-4297123;UR=NC_003197.2_UR_4296679_4297178;UR_Stop_Locations=198-444;Length=246;Strand=+;Frame=2;UR_Frame=1;Start_Stop=TGA;End_Stop=TAA;StORF_Type=StORF
NC_003197.2_UR_3358461_3358938_Con-StORF_0:3358548-3358925;UR=NC_003197.2_UR_3358461_3358938;UR_Stop_Locations=89-203-470;Length=381;Strand=-;Frame=6;UR_Frame=5;Start_Stop=TAA;End_Stop=TGA;StORF_Type=Con-StORF,NC_003197.2_UR_3358461_3358938_StORF_2:3358659-3358925;UR=NC_003197.2_UR_3358461_3358938;UR_Stop_Locations=200-470;Length=270;Strand=-;Frame=6;UR_Frame=5;Start_Stop=TAA;End_Stop=TAA;StORF_Type=StORF
NC_003197.2_UR_3126273_3128276_Con-StORF_0:3126636-3127010;UR=NC_003197.2_UR_3126273_3128276;UR_Stop_Locations=359-521-737;Length=378;Strand=+;Frame=3;UR_Frame=3;Start_Stop=TAA;End_Stop=TGA;StORF_Type=Con-StORF,NC_003197.2_UR_3126273_3128276_StORF_2:3126863-3128194;UR=NC_003197.2_UR_3126273_3128276;UR_Stop_Locations=586-1921;Length=1335;Strand=+;Frame=2;UR_Frame=2;Start_Stop=TGA;End_Stop=TGA;StORF_Type=StORF
NC_003197.2_UR_1812333_1812836_Con-StORF_0:1812400-1812762;UR=NC_003197.2_UR_1812333_1812836;UR_Stop_Locations=63-330-429;Length=366;Strand=+;Frame=1;UR_Frame=1;Start_Stop=TAA;End_Stop=TAA;StORF_Type=Con-StORF,NC_003197.2_UR_1812333_1812836_StORF_1:1812400-1812666;UR=NC_003197.2_UR_1812333_1812836;UR_Stop_Locations=63-333;Length=270;Strand=+;Frame=1;UR_Frame=1;Start_Stop=TAA;End_Stop=TAG;StORF_Type=StORF
NC_003277.2_UR_53626_54445_Con-StORF_0:53651-54013;UR=NC_003277.2_UR_53626_54445;UR_Stop_Locations=21-159-387;Length=366;Strand=+;Frame=2;UR_Frame=1;Start_Stop=TGA;End_Stop=TAA;StORF_Type=Con-StORF,NC_003277.2_UR_53626_54445_StORF_2:53802-54155;UR=NC_003277.2_UR_53626_54445;UR_Stop_Locations=172-529;Length=357;Strand=+;Frame=3;UR_Frame=2;Start_Stop=TGA;End_Stop=TGA;StORF_Type=StORF
NC_003197.2_UR_1759165_1759737_Con-StORF_0:1759318-1759677;UR=NC_003197.2_UR_1759165_1759737;UR_Stop_Locations=149-413-512;Length=363;Strand=+;Frame=1;UR_Frame=3;Start_Stop=TGA;End_Stop=TGA;StORF_Type=Con-StORF,NC_003197.2_UR_1759165_1759737_StORF_2:1759318-1759581;UR=NC_003197.2_UR_1759165_1759737;UR_Stop_Locations=149-416;Length=267;Strand=+;Frame=1;UR_Frame=3;Start_Stop=TGA;End_Stop=TAA;StORF_Type=StORF
NC_003197.2_UR_1807374_1808451_Con-StORF_0:1807809-1808165;UR=NC_003197.2_UR_1807374_1808451;UR_Stop_Locations=437-611-797;Length=360;Strand=-;Frame=6;UR_Frame=5;Start_Stop=TAA;End_Stop=TAA;StORF_Type=Con-StORF,NC_003197.2_UR_1807374_1808451_StORF_3:1807821-1808114;UR=NC_003197.2_UR_1807374_1808451;UR_Stop_Locations=443-740;Length=297;Strand=+;Frame=3;UR_Frame=3;Start_Stop=TGA;End_Stop=TAA;StORF_Type=StORF
NC_003197.2_UR_2906025_2906506_Con-StORF_0:2906099-2906455;UR=NC_003197.2_UR_2906025_2906506;UR_Stop_Locations=76-205-436;Length=360;Strand=-;Frame=5;UR_Frame=4;Start_Stop=TAG;End_Stop=TAG;StORF_Type=Con-StORF,NC_003197.2_UR_2906025_2906506_StORF_3:2906225-2906455;UR=NC_003197.2_UR_2906025_2906506;UR_Stop_Locations=202-436;Length=234;Strand=-;Frame=5;UR_Frame=4;Start_Stop=TAG;End_Stop=TAA;StORF_Type=StORF
NC_003197.2_UR_229668_230708_Con-StORF_0:230202-230555;UR=NC_003197.2_UR_229668_230708;UR_Stop_Locations=530-770-887;Length=357;Strand=+;Frame=3;UR_Frame=3;Start_Stop=TAA;End_Stop=TAA;StORF_Type=Con-StORF,NC_003197.2_UR_229668_230708_StORF_5:230202-230441;UR=NC_003197.2_UR_229668_230708;UR_Stop_Locations=530-773;Length=243;Strand=+;Frame=3;UR_Frame=3;Start_Stop=TAA;End_Stop=TAA;StORF_Type=StORF
NC_003197.2_UR_1964304_1965130_Con-StORF_0:1964651-1965004;UR=NC_003197.2_UR_1964304_1965130;UR_Stop_Locations=349-574-706;Length=357;Strand=-;Frame=5;UR_Frame=4;Start_Stop=TAG;End_Stop=TGA;StORF_Type=Con-StORF,NC_003197.2_UR_1964304_1965130_StORF_2:1964713-1965015;UR=NC_003197.2_UR_1964304_1965130;UR_Stop_Locations=405-711;Length=306;Strand=+;Frame=1;UR_Frame=1;Start_Stop=TAA;End_Stop=TAA;StORF_Type=StORF -> NC_003197.2_UR_1964304_1965130_StORF_1:1964466-1964693;UR=NC_003197.2_UR_1964304_1965130;UR_Stop_Locations=158-389;Length=231;Strand=+;Frame=3;UR_Frame=3;Start_Stop=TGA;End_Stop=TGA;StORF_Type=StORF
NC_003197.2_UR_1953760_1955054_Con-StORF_1:1954504-1954854;UR=NC_003197.2_UR_1953760_1955054;UR_Stop_Locations=746-989-1100;Length=354;Strand=-;Frame=4;UR_Frame=6;Start_Stop=TAG;End_Stop=TGA;StORF_Type=Con-StORF,NC_003197.2_UR_1953760_1955054_StORF_1:1953987-1954616;UR=NC_003197.2_UR_1953760_1955054;UR_Stop_Locations=223-856;Length=633;Strand=+;Frame=3;UR_Frame=2;Start_Stop=TGA;End_Stop=TGA;StORF_Type=StORF
NC_003197.2_UR_2345921_2346751_Con-StORF_0:2346358-2346708;UR=NC_003197.2_UR_2345921_2346751;UR_Stop_Locations=433-685-787;Length=354;Strand=+;Frame=1;UR_Frame=2;Start_Stop=TGA;End_Stop=TGA;StORF_Type=Con-StORF,NC_003197.2_UR_2345921_2346751_StORF_3:2346358-2346609;UR=NC_003197.2_UR_2345921_2346751;UR_Stop_Locations=433-688;Length=255;Strand=+;Frame=1;UR_Frame=2;Start_Stop=TGA;End_Stop=TAG;StORF_Type=StORF
NC_003197.2_UR_1538438_1539242_Con-StORF_1:1538523-1538870;UR=NC_003197.2_UR_1538438_1539242;UR_Stop_Locations=87-225-438;Length=351;Strand=-;Frame=6;UR_Frame=4;Start_Stop=TGA;End_Stop=TAA;StORF_Type=Con-StORF,NC_003197.2_UR_1538438_1539242_StORF_8:1538658-1538870;UR=NC_003197.2_UR_1538438_1539242;UR_Stop_Locations=222-438;Length=216;Strand=-;Frame=6;UR_Frame=4;Start_Stop=TGA;End_Stop=TAA;StORF_Type=StORF
NC_003277.2_UR_49048_49530_Con-StORF_0:49088-49432;UR=NC_003277.2_UR_49048_49530;UR_Stop_Locations=42-168-390;Length=348;Strand=-;Frame=5;UR_Frame=6;Start_Stop=TGA;End_Stop=TGA;StORF_Type=Con-StORF,NC_003277.2_UR_49048_49530_StORF_2:49211-49432;UR=NC_003277.2_UR_49048_49530;UR_Stop_Locations=165-390;Length=225;Strand=-;Frame=5;UR_Frame=6;Start_Stop=TGA;End_Stop=TGA;StORF_Type=StORF
NC_003197.2_UR_2359594_2360108_Con-StORF_0:2359637-2359978;UR=NC_003197.2_UR_2359594_2360108;UR_Stop_Locations=45-288-390;Length=345;Strand=-;Frame=5;UR_Frame=5;Start_Stop=TAA;End_Stop=TGA;StORF_Type=Con-StORF,NC_003197.2_UR_2359594_2360108_StORF_3:2359637-2359876;UR=NC_003197.2_UR_2359594_2360108;UR_Stop_Locations=45-288;Length=243;Strand=-;Frame=5;UR_Frame=5;Start_Stop=TAG;End_Stop=TGA;StORF_Type=StORF
NC_003197.2_UR_369948_370790_Con-StORF_0:369975-370310;UR=NC_003197.2_UR_369948_370790;UR_Stop_Locations=23-143-362;Length=339;Strand=+;Frame=3;UR_Frame=3;Start_Stop=TGA;End_Stop=TGA;StORF_Type=Con-StORF,NC_003197.2_UR_369948_370790_StORF_2:370175-370630;UR=NC_003197.2_UR_369948_370790;UR_Stop_Locations=223-682;Length=459;Strand=+;Frame=2;UR_Frame=2;Start_Stop=TAA;End_Stop=TAG;StORF_Type=StORF
NC_003197.2_UR_3274865_3275390_Con-StORF_0:3274884-3275213;UR=NC_003197.2_UR_3274865_3275390;UR_Stop_Locations=21-129-354;Length=333;Strand=-;Frame=6;UR_Frame=4;Start_Stop=TGA;End_Stop=TGA;StORF_Type=Con-StORF,NC_003197.2_UR_3274865_3275390_StORF_2:3275045-3275293;UR=NC_003197.2_UR_3274865_3275390;UR_Stop_Locations=176-428;Length=252;Strand=+;Frame=2;UR_Frame=3;Start_Stop=TGA;End_Stop=TAA;StORF_Type=StORF
NC_003197.2_UR_4394014_4400310_Con-StORF_4:4399104-4399433;UR=NC_003197.2_UR_4394014_4400310;UR_Stop_Locations=5086-5224-5419;Length=333;Strand=+;Frame=3;UR_Frame=2;Start_Stop=TGA;End_Stop=TAG;StORF_Type=Con-StORF,NC_003197.2_UR_4394014_4400310_StORF_47:4399031-4399390;UR=NC_003197.2_UR_4394014_4400310;UR_Stop_Locations=5019-5382;Length=363;Strand=-;Frame=5;UR_Frame=6;Start_Stop=TGA;End_Stop=TAA;StORF_Type=StORF
NC_003197.2_UR_4394014_4400310_Con-StORF_7:4395822-4396130;UR=NC_003197.2_UR_4394014_4400310;UR_Stop_Locations=1810-1912-2122;Length=312;Strand=-;Frame=6;UR_Frame=5;Start_Stop=TAA;End_Stop=TAA;StORF_Type=Con-StORF,NC_003197.2_UR_4394014_4400310_StORF_13:4395647-4396129;UR=NC_003197.2_UR_4394014_4400310;UR_Stop_Locations=1629-2115;Length=486;Strand=+;Frame=2;UR_Frame=1;Start_Stop=TAA;End_Stop=TAG;StORF_Type=StORF
NC_003197.2_UR_4394014_4400310_Con-StORF_0:4395261-4395560;UR=NC_003197.2_UR_4394014_4400310;UR_Stop_Locations=1243-1423-1546;Length=303;Strand=+;Frame=3;UR_Frame=2;Start_Stop=TAA;End_Stop=TAA;StORF_Type=Con-StORF,NC_003197.2_UR_4394014_4400310_StORF_74:4395248-4395556;UR=NC_003197.2_UR_4394014_4400310;UR_Stop_Locations=1236-1548;Length=312;Strand=-;Frame=5;UR_Frame=6;Start_Stop=TAA;End_Stop=TAA;StORF_Type=StORF
NC_003197.2_UR_4394014_4400310_Con-StORF_2:4396784-4397062;UR=NC_003197.2_UR_4394014_4400310;UR_Stop_Locations=2766-2901-3048;Length=282;Strand=+;Frame=2;UR_Frame=1;Start_Stop=TGA;End_Stop=TGA;StORF_Type=Con-StORF,NC_003197.2_UR_4394014_4400310_StORF_60:4396847-4397212;UR=NC_003197.2_UR_4394014_4400310;UR_Stop_Locations=2835-3204;Length=369;Strand=-;Frame=5;UR_Frame=6;Start_Stop=TAA;End_Stop=TGA;StORF_Type=StORF
NC_003197.2_UR_4394014_4400310_Con-StORF_6:4398458-4399030;UR=NC_003197.2_UR_4394014_4400310;UR_Stop_Locations=4446-4566-5022;Length=0;Strand=-;Frame=5;UR_Frame=6;Start_Stop=;End_Stop=;StORF_Type=Con-StORF,NC_003197.2_UR_4394014_4400310_StORF_48:4398575-4399030;UR=NC_003197.2_UR_4394014_4400310;UR_Stop_Locations=4563-5022;Length=459;Strand=-;Frame=5;UR_Frame=6;Start_Stop=TAA;End_Stop=TGA;StORF_Type=StORF -> NC_003197.2_UR_4394014_4400310_StORF_50:4398295-4398561;UR=NC_003197.2_UR_4394014_4400310;UR_Stop_Locations=4283-4553;Length=270;Strand=-;Frame=4;UR_Frame=4;Start_Stop=TAA;End_Stop=TGA;StORF_Type=StORF
NC_003197.2_UR_1109491_1110007_Con-StORF_0:1109649-1109975;UR=NC_003197.2_UR_1109491_1110007;UR_Stop_Locations=160-271-490;Length=330;Strand=-;Frame=6;UR_Frame=6;Start_Stop=TGA;End_Stop=TAA;StORF_Type=Con-StORF,NC_003197.2_UR_1109491_1110007_StORF_0:1109623-1109874;UR=NC_003197.2_UR_1109491_1110007;UR_Stop_Locations=128-383;Length=255;Strand=+;Frame=1;UR_Frame=3;Start_Stop=TAA;End_Stop=TGA;StORF_Type=StORF
NC_003197.2_UR_2765086_2765602_Con-StORF_0:2765118-2765444;UR=NC_003197.2_UR_2765086_2765602;UR_Stop_Locations=28-247-358;Length=330;Strand=+;Frame=3;UR_Frame=2;Start_Stop=TGA;End_Stop=TAA;StORF_Type=Con-StORF,NC_003197.2_UR_2765086_2765602_StORF_3:2765219-2765470;UR=NC_003197.2_UR_2765086_2765602;UR_Stop_Locations=135-390;Length=255;Strand=-;Frame=5;UR_Frame=4;Start_Stop=TAA;End_Stop=TGA;StORF_Type=StORF
NC_003197.2_UR_4140768_4141985_Con-StORF_1:4141145-4141360;UR=NC_003197.2_UR_4140768_4141985;UR_Stop_Locations=373-484-592;Length=324;Strand=+;Frame=2;UR_Frame=2;Start_Stop=TAA;End_Stop=TGA;StORF_Type=Con-StORF,NC_003197.2_UR_4140768_4141985_StORF_12:4141181-4141426;UR=NC_003197.2_UR_4140768_4141985;UR_Stop_Locations=415-664;Length=249;Strand=-;Frame=5;UR_Frame=5;Start_Stop=TAA;End_Stop=TGA;StORF_Type=StORF
NC_003197.2_UR_4501784_4502447_Con-StORF_0:4501851-4502171;UR=NC_003197.2_UR_4501784_4502447;UR_Stop_Locations=63-261-387;Length=324;Strand=+;Frame=3;UR_Frame=1;Start_Stop=TGA;End_Stop=TAA;StORF_Type=Con-StORF,NC_003197.2_UR_4501784_4502447_StORF_5:4501976-4502224;UR=NC_003197.2_UR_4501784_4502447;UR_Stop_Locations=194-446;Length=252;Strand=-;Frame=5;UR_Frame=5;Start_Stop=TAA;End_Stop=TGA;StORF_Type=StORF
NC_003197.2_UR_929836_930385_Con-StORF_0:929887-930204;UR=NC_003197.2_UR_929836_930385;UR_Stop_Locations=47-263-368;Length=321;Strand=+;Frame=1;UR_Frame=3;Start_Stop=TGA;End_Stop=TAA;StORF_Type=Con-StORF,NC_003197.2_UR_929836_930385_StORF_1:929887-930102;UR=NC_003197.2_UR_929836_930385;UR_Stop_Locations=47-266;Length=219;Strand=+;Frame=1;UR_Frame=3;Start_Stop=TGA;End_Stop=TGA;StORF_Type=StORF
NC_003197.2_UR_965686_966362_Con-StORF_0:966008-966319;UR=NC_003197.2_UR_965686_966362;UR_Stop_Locations=318-519-633;Length=315;Strand=+;Frame=2;UR_Frame=1;Start_Stop=TAG;End_Stop=TGA;StORF_Type=Con-StORF,NC_003197.2_UR_965686_966362_StORF_3:965691-966254;UR=NC_003197.2_UR_965686_966362;UR_Stop_Locations=7-574;Length=567;Strand=-;Frame=6;UR_Frame=4;Start_Stop=TGA;End_Stop=TGA;StORF_Type=StORF
NC_003197.2_UR_3076553_3078301_Con-StORF_1:3077091-3077396;UR=NC_003197.2_UR_3076553_3078301;UR_Stop_Locations=540-666-849;Length=309;Strand=-;Frame=6;UR_Frame=6;Start_Stop=TAA;End_Stop=TAA;StORF_Type=Con-StORF,NC_003197.2_UR_3076553_3078301_StORF_2:3076973-3077323;UR=NC_003197.2_UR_3076553_3078301;UR_Stop_Locations=416-770;Length=354;Strand=+;Frame=2;UR_Frame=3;Start_Stop=TAG;End_Stop=TGA;StORF_Type=StORF
NC_003197.2_UR_3076553_3078301_Con-StORF_0:3078008-3078250;UR=NC_003197.2_UR_3076553_3078301;UR_Stop_Locations=1457-1562-1703;Length=246;Strand=-;Frame=5;UR_Frame=4;Start_Stop=TAA;End_Stop=TAA;StORF_Type=Con-StORF,NC_003197.2_UR_3076553_3078301_StORF_6:3077515-3078159;UR=NC_003197.2_UR_3076553_3078301;UR_Stop_Locations=958-1606;Length=648;Strand=+;Frame=1;UR_Frame=2;Start_Stop=TAA;End_Stop=TAA;StORF_Type=StORF
NC_003197.2_UR_964834_965394_Con-StORF_0:965041-965343;UR=NC_003197.2_UR_964834_965394;UR_Stop_Locations=209-323-515;Length=306;Strand=-;Frame=4;UR_Frame=4;Start_Stop=TGA;End_Stop=TGA;StORF_Type=Con-StORF,NC_003197.2_UR_964834_965394_StORF_1:964875-965177;UR=NC_003197.2_UR_964834_965394;UR_Stop_Locations=37-343;Length=306;Strand=+;Frame=3;UR_Frame=2;Start_Stop=TGA;End_Stop=TAA;StORF_Type=StORF
NC_003197.2_UR_2083095_2084505_Con-StORF_0:2084108-2084410;UR=NC_003197.2_UR_2083095_2084505;UR_Stop_Locations=1015-1117-1321;Length=306;Strand=-;Frame=5;UR_Frame=6;Start_Stop=TAA;End_Stop=TGA;StORF_Type=Con-StORF,NC_003197.2_UR_2083095_2084505_StORF_8:2083925-2084299;UR=NC_003197.2_UR_2083095_2084505;UR_Stop_Locations=826-1204;Length=378;Strand=+;Frame=2;UR_Frame=2;Start_Stop=TAA;End_Stop=TAG;StORF_Type=StORF
NC_003197.2_UR_2951539_2951911_Con-StORF_0:2951562-2951864;UR=NC_003197.2_UR_2951539_2951911;UR_Stop_Locations=19-220-325;Length=306;Strand=+;Frame=3;UR_Frame=2;Start_Stop=TAA;End_Stop=TGA;StORF_Type=Con-StORF,NC_003197.2_UR_2951539_2951911_StORF_4:2951558-2951770;UR=NC_003197.2_UR_2951539_2951911;UR_Stop_Locations=21-237;Length=216;Strand=-;Frame=5;UR_Frame=4;Start_Stop=TGA;End_Stop=TAA;StORF_Type=StORF
NC_003197.2_UR_4753358_4754009_Con-StORF_0:4753434-4753736;UR=NC_003197.2_UR_4753358_4754009;UR_Stop_Locations=72-267-378;Length=306;Strand=+;Frame=3;UR_Frame=1;Start_Stop=TAA;End_Stop=TAG;StORF_Type=Con-StORF,NC_003197.2_UR_4753358_4754009_StORF_3:4753663-4753899;UR=NC_003197.2_UR_4753358_4754009;UR_Stop_Locations=301-541;Length=240;Strand=+;Frame=1;UR_Frame=2;Start_Stop=TGA;End_Stop=TAA;StORF_Type=StORF
NC_003197.2_UR_2915368_2916431_Con-StORF_0:2915808-2916101;UR=NC_003197.2_UR_2915368_2916431;UR_Stop_Locations=436-574-733;Length=297;Strand=+;Frame=3;UR_Frame=2;Start_Stop=TAA;End_Stop=TGA;StORF_Type=Con-StORF,NC_003197.2_UR_2915368_2916431_StORF_6:2915771-2916037;UR=NC_003197.2_UR_2915368_2916431;UR_Stop_Locations=405-675;Length=270;Strand=-;Frame=5;UR_Frame=5;Start_Stop=TAA;End_Stop=TGA;StORF_Type=StORF -> NC_003197.2_UR_2915368_2916431_StORF_3:2916022-2916276;UR=NC_003197.2_UR_2915368_2916431;UR_Stop_Locations=650-908;Length=258;Strand=+;Frame=1;UR_Frame=3;Start_Stop=TAA;End_Stop=TGA;StORF_Type=StORF
NC_003197.2_UR_4125128_4125647_Con-StORF_0:4125344-4125634;UR=NC_003197.2_UR_4125128_4125647;UR_Stop_Locations=212-401-506;Length=294;Strand=+;Frame=2;UR_Frame=3;Start_Stop=TGA;End_Stop=TGA;StORF_Type=Con-StORF,NC_003197.2_UR_4125128_4125647_StORF_0:4125139-4125354;UR=NC_003197.2_UR_4125128_4125647;UR_Stop_Locations=7-226;Length=219;Strand=+;Frame=1;UR_Frame=2;Start_Stop=TAA;End_Stop=TAA;StORF_Type=StORF
NC_003197.2_UR_1139433_1140009_Con-StORF_0:1139727-1140005;UR=NC_003197.2_UR_1139433_1140009;UR_Stop_Locations=290-404-572;Length=282;Strand=+;Frame=3;UR_Frame=3;Start_Stop=TGA;End_Stop=TAA;StORF_Type=Con-StORF,NC_003197.2_UR_1139433_1140009_StORF_6:1139487-1139741;UR=NC_003197.2_UR_1139433_1140009;UR_Stop_Locations=56-314;Length=258;Strand=-;Frame=6;UR_Frame=5;Start_Stop=TGA;End_Stop=TAA;StORF_Type=StORF
NC_003197.2_UR_2084878_2085453_Con-StORF_0:2085026-2085304;UR=NC_003197.2_UR_2084878_2085453;UR_Stop_Locations=150-321-432;Length=282;Strand=-;Frame=5;UR_Frame=6;Start_Stop=TGA;End_Stop=TGA;StORF_Type=Con-StORF,NC_003197.2_UR_2084878_2085453_StORF_0:2084929-2085291;UR=NC_003197.2_UR_2084878_2085453;UR_Stop_Locations=47-413;Length=366;Strand=+;Frame=1;UR_Frame=3;Start_Stop=TGA;End_Stop=TGA;StORF_Type=StORF
NC_003197.2_UR_2589115_2589664_Con-StORF_0:2589264-2589536;UR=NC_003197.2_UR_2589115_2589664;UR_Stop_Locations=145-256-421;Length=276;Strand=+;Frame=3;UR_Frame=2;Start_Stop=TGA;End_Stop=TAA;StORF_Type=Con-StORF,NC_003197.2_UR_2589115_2589664_StORF_4:2589302-2589538;UR=NC_003197.2_UR_2589115_2589664;UR_Stop_Locations=189-429;Length=240;Strand=-;Frame=5;UR_Frame=4;Start_Stop=TAA;End_Stop=TGA;StORF_Type=StORF
NC_003277.2_UR_47718_48329_Con-StORF_0:48056-48325;UR=NC_003277.2_UR_47718_48329;UR_Stop_Locations=340-484-613;Length=273;Strand=-;Frame=5;UR_Frame=5;Start_Stop=TAA;End_Stop=TGA;StORF_Type=Con-StORF,NC_003277.2_UR_47718_48329_StORF_0:47837-48142;UR=NC_003277.2_UR_47718_48329;UR_Stop_Locations=115-424;Length=309;Strand=+;Frame=2;UR_Frame=2;Start_Stop=TGA;End_Stop=TAA;StORF_Type=StORF
NC_003277.2_UR_53067_53403_Con-StORF_0:53111-53380;UR=NC_003277.2_UR_53067_53403;UR_Stop_Locations=46-148-319;Length=273;Strand=-;Frame=5;UR_Frame=6;Start_Stop=TAG;End_Stop=TAG;StORF_Type=Con-StORF,NC_003277.2_UR_53067_53403_StORF_1:53118-53384;UR=NC_003277.2_UR_53067_53403;UR_Stop_Locations=47-317;Length=270;Strand=+;Frame=3;UR_Frame=3;Start_Stop=TGA;End_Stop=TAA;StORF_Type=StORF
NC_003277.2_UR_328_762_Con-StORF_0:379-645;UR=NC_003277.2_UR_328_762;UR_Stop_Locations=47-215-317;Length=270;Strand=+;Frame=1;UR_Frame=3;Start_Stop=TAG;End_Stop=TAA;StORF_Type=Con-StORF,NC_003277.2_UR_328_762_StORF_3:375-641;UR=NC_003277.2_UR_328_762;UR_Stop_Locations=49-319;Length=270;Strand=-;Frame=6;UR_Frame=5;Start_Stop=TAG;End_Stop=TAG;StORF_Type=StORF
NC_003197.2_UR_1411251_1412243_Con-StORF_0:1411482-1411745;UR=NC_003197.2_UR_1411251_1412243;UR_Stop_Locations=233-389-500;Length=267;Strand=-;Frame=6;UR_Frame=4;Start_Stop=TAG;End_Stop=TAG;StORF_Type=Con-StORF,NC_003197.2_UR_1411251_1412243_StORF_3:1411739-1411969;UR=NC_003197.2_UR_1411251_1412243;UR_Stop_Locations=484-718;Length=234;Strand=+;Frame=2;UR_Frame=2;Start_Stop=TGA;End_Stop=TAG;StORF_Type=StORF
NC_003197.2_UR_1670080_1670693_Con-StORF_0:1670352-1670615;UR=NC_003197.2_UR_1670080_1670693;UR_Stop_Locations=274-415-541;Length=267;Strand=-;Frame=6;UR_Frame=4;Start_Stop=TGA;End_Stop=TAA;StORF_Type=Con-StORF,NC_003197.2_UR_1670080_1670693_StORF_0:1670108-1670407;UR=NC_003197.2_UR_1670080_1670693;UR_Stop_Locations=24-327;Length=303;Strand=+;Frame=2;UR_Frame=1;Start_Stop=TAG;End_Stop=TGA;StORF_Type=StORF
NC_003197.2_UR_4314244_4315580_Con-StORF_0:4315008-4315271;UR=NC_003197.2_UR_4314244_4315580;UR_Stop_Locations=760-895-1027;Length=267;Strand=+;Frame=3;UR_Frame=2;Start_Stop=TAA;End_Stop=TGA;StORF_Type=Con-StORF,NC_003197.2_UR_4314244_4315580_StORF_10:4314297-4315340;UR=NC_003197.2_UR_4314244_4315580;UR_Stop_Locations=55-1102;Length=1047;Strand=-;Frame=6;UR_Frame=4;Start_Stop=TAA;End_Stop=TAA;StORF_Type=StORF
NC_003197.2_UR_2511643_2512179_Con-StORF_0:2511864-2512124;UR=NC_003197.2_UR_2511643_2512179;UR_Stop_Locations=217-364-481;Length=264;Strand=+;Frame=3;UR_Frame=2;Start_Stop=TAA;End_Stop=TGA;StORF_Type=Con-StORF,NC_003197.2_UR_2511643_2512179_StORF_3:2511737-2512006;UR=NC_003197.2_UR_2511643_2512179;UR_Stop_Locations=96-369;Length=273;Strand=-;Frame=5;UR_Frame=6;Start_Stop=TAA;End_Stop=TAG;StORF_Type=StORF
NC_003197.2_UR_2976451_2977029_Con-StORF_1:2976517-2976849;UR=NC_003197.2_UR_2976451_2977029;UR_Stop_Locations=68-257-404;Length=259;Strand=-;Frame=4;UR_Frame=4;Start_Stop=CCA;End_Stop=TAA;StORF_Type=Con-StORF,NC_003197.2_UR_2976451_2977029_StORF_2:2976669-2976941;UR=NC_003197.2_UR_2976451_2977029;UR_Stop_Locations=214-490;Length=276;Strand=+;Frame=3;UR_Frame=2;Start_Stop=TAA;End_Stop=TAA;StORF_Type=StORF
NC_003197.2_UR_1627030_1627962_Con-StORF_0:1627548-1627799;UR=NC_003197.2_UR_1627030_1627962;UR_Stop_Locations=520-634-775;Length=255;Strand=-;Frame=6;UR_Frame=5;Start_Stop=TGA;End_Stop=TAG;StORF_Type=Con-StORF,NC_003197.2_UR_1627030_1627962_StORF_2:1627434-1627769;UR=NC_003197.2_UR_1627030_1627962;UR_Stop_Locations=400-739;Length=339;Strand=+;Frame=3;UR_Frame=2;Start_Stop=TAA;End_Stop=TGA;StORF_Type=StORF
NC_003277.2_UR_50331_50972_Con-StORF_0:50435-50686;UR=NC_003277.2_UR_50331_50972;UR_Stop_Locations=106-208-361;Length=255;Strand=-;Frame=5;UR_Frame=5;Start_Stop=TGA;End_Stop=TGA;StORF_Type=Con-StORF,NC_003277.2_UR_50331_50972_StORF_0:50389-50850;UR=NC_003277.2_UR_50331_50972;UR_Stop_Locations=54-519;Length=465;Strand=+;Frame=1;UR_Frame=1;Start_Stop=TGA;End_Stop=TAA;StORF_Type=StORF
NC_003197.2_UR_1910012_1910464_Con-StORF_0:1910084-1910329;UR=NC_003197.2_UR_1910012_1910464;UR_Stop_Locations=68-209-317;Length=249;Strand=+;Frame=2;UR_Frame=3;Start_Stop=TAG;End_Stop=TGA;StORF_Type=Con-StORF,NC_003197.2_UR_1910012_1910464_StORF_6:1910106-1910354;UR=NC_003197.2_UR_1910012_1910464;UR_Stop_Locations=96-348;Length=252;Strand=-;Frame=6;UR_Frame=6;Start_Stop=TGA;End_Stop=TAG;StORF_Type=StORF
NC_003197.2_UR_2313193_2313707_Con-StORF_0:2313204-2313440;UR=NC_003197.2_UR_2313193_2313707;UR_Stop_Locations=13-148-253;Length=240;Strand=-;Frame=6;UR_Frame=4;Start_Stop=TGA;End_Stop=TAA;StORF_Type=Con-StORF,NC_003197.2_UR_2313193_2313707_StORF_4:2313421-2313660;UR=NC_003197.2_UR_2313193_2313707;UR_Stop_Locations=230-473;Length=243;Strand=-;Frame=4;UR_Frame=6;Start_Stop=TGA;End_Stop=TGA;StORF_Type=StORF
NC_003197.2_UR_2213791_2214332_Con-StORF_0:2213838-2214071;UR=NC_003197.2_UR_2213791_2214332;UR_Stop_Locations=49-154-286;Length=237;Strand=-;Frame=6;UR_Frame=4;Start_Stop=TAA;End_Stop=TAG;StORF_Type=Con-StORF,NC_003197.2_UR_2213791_2214332_StORF_1:2213947-2214177;UR=NC_003197.2_UR_2213791_2214332;UR_Stop_Locations=152-386;Length=234;Strand=+;Frame=1;UR_Frame=3;Start_Stop=TAA;End_Stop=TAA;StORF_Type=StORF
NC_003197.2_UR_329427_329924_Con-StORF_0:329431-329655;UR=NC_003197.2_UR_329427_329924;UR_Stop_Locations=6-111-234;Length=228;Strand=-;Frame=4;UR_Frame=6;Start_Stop=TGA;End_Stop=TAA;StORF_Type=Con-StORF,NC_003197.2_UR_329427_329924_StORF_2:329604-329828;UR=NC_003197.2_UR_329427_329924;UR_Stop_Locations=173-401;Length=228;Strand=+;Frame=3;UR_Frame=3;Start_Stop=TAA;End_Stop=TGA;StORF_Type=StORF
NC_003197.2_UR_4151289_4152085_Con-StORF_0:4151506-4151730;UR=NC_003197.2_UR_4151289_4152085;UR_Stop_Locations=213-342-441;Length=228;Strand=+;Frame=1;UR_Frame=1;Start_Stop=TAG;End_Stop=TAA;StORF_Type=Con-StORF,NC_003197.2_UR_4151289_4152085_StORF_8:4151598-4151876;UR=NC_003197.2_UR_4151289_4152085;UR_Stop_Locations=311-593;Length=282;Strand=-;Frame=6;UR_Frame=6;Start_Stop=TAG;End_Stop=TGA;StORF_Type=StORF
NC_003197.2_UR_3693564_3695333_Con-StORF_0:3693734-3693955;UR=NC_003197.2_UR_3693564_3695333;UR_Stop_Locations=166-286-391;Length=225;Strand=+;Frame=2;UR_Frame=2;Start_Stop=TGA;End_Stop=TGA;StORF_Type=Con-StORF,NC_003197.2_UR_3693564_3695333_StORF_3:3693943-3695286;UR=NC_003197.2_UR_3693564_3695333;UR_Stop_Locations=375-1722;Length=1347;Strand=+;Frame=1;UR_Frame=1;Start_Stop=TAA;End_Stop=TGA;StORF_Type=StORF
NC_003277.2_UR_15714_16686_Con-StORF_0:16045-16263;UR=NC_003277.2_UR_15714_16686;UR_Stop_Locations=333-444-555;Length=222;Strand=-;Frame=4;UR_Frame=4;Start_Stop=TGA;End_Stop=TGA;StORF_Type=Con-StORF,NC_003277.2_UR_15714_16686_StORF_4:16232-16585;UR=NC_003277.2_UR_15714_16686;UR_Stop_Locations=514-871;Length=357;Strand=+;Frame=2;UR_Frame=2;Start_Stop=TGA;End_Stop=TAA;StORF_Type=StORF -> NC_003277.2_UR_15714_16686_StORF_0:15858-16112;UR=NC_003277.2_UR_15714_16686;UR_Stop_Locations=140-398;Length=258;Strand=+;Frame=3;UR_Frame=3;Start_Stop=TGA;End_Stop=TAA;StORF_Type=StORF
NC_003197.2_UR_610841_611545_Con-StORF_0:611312-611524;UR=NC_003197.2_UR_610841_611545;UR_Stop_Locations=467-569-683;Length=216;Strand=+;Frame=2;UR_Frame=3;Start_Stop=TAA;End_Stop=TAG;StORF_Type=Con-StORF,NC_003197.2_UR_610841_611545_StORF_3:611188-611409;UR=NC_003197.2_UR_610841_611545;UR_Stop_Locations=349-574;Length=225;Strand=-;Frame=4;UR_Frame=5;Start_Stop=TAA;End_Stop=TAA;StORF_Type=StORF
NC_003197.2_UR_4768588_4769348_Con-StORF_0:4768903-4769112;UR=NC_003197.2_UR_4768588_4769348;UR_Stop_Locations=311-410-524;Length=213;Strand=+;Frame=1;UR_Frame=3;Start_Stop=TGA;End_Stop=TAG;StORF_Type=Con-StORF,NC_003197.2_UR_4768588_4769348_StORF_5:4768904-4769215;UR=NC_003197.2_UR_4768588_4769348;UR_Stop_Locations=318-633;Length=315;Strand=-;Frame=5;UR_Frame=5;Start_Stop=TAG;End_Stop=TAA;StORF_Type=StORF
NC_003197.2_UR_135463_135948_Con-StORF_0:135529-135723;UR=NC_003197.2_UR_135463_135948;UR_Stop_Locations=62-161-260;Length=198;Strand=+;Frame=1;UR_Frame=3;Start_Stop=TAA;End_Stop=TGA;StORF_Type=Con-StORF,NC_003197.2_UR_135463_135948_StORF_3:135642-135929;UR=NC_003197.2_UR_135463_135948;UR_Stop_Locations=175-466;Length=291;Strand=+;Frame=3;UR_Frame=2;Start_Stop=TAA;End_Stop=TGA;StORF_Type=StORF
NC_003197.2_UR_2969510_2971005_Con-StORF_1:2970533-2970757;UR=NC_003197.2_UR_2969510_2971005;UR_Stop_Locations=1025-1142-1253;Length=0;Strand=-;Frame=5;UR_Frame=6;Start_Stop=;End_Stop=;StORF_Type=Con-StORF,NC_003197.2_UR_2969510_2971005_StORF_5:2970601-2970942;UR=NC_003197.2_UR_2969510_2971005;UR_Stop_Locations=1087-1432;Length=345;Strand=+;Frame=1;UR_Frame=2;Start_Stop=TGA;End_Stop=TGA;StORF_Type=StORF
